id	past	present	future
1001	0.11	0.097	0.11
1003	0.077	0.091	0.077
1005	0.093	0.134	0.093
1007	0.076	0.121	0.076
1009	0.105	0.099	0.105
1011	0.234	0.164	0.234
1013	0.165	0.167	0.165
1015	0.167	0.108	0.167
1017	0.094	0.186	0.094
1019	0.074	0.118	0.074
1021	0.065	0.099	0.065
1023	0.077	0.127	0.077
1025	0.075	0.17	0.075
1027	0.069	0.159	0.069
1029	0.101	0.104	0.101
1031	0.088	0.085	0.088
1033	0.071	0.114	0.071
1035	0.128	0.195	0.128
1037	0.13	0.14	0.13
1039	0.068	0.101	0.068
1041	0.064	0.097	0.064
1043	0.123	0.096	0.123
1045	0.049	0.093	0.049
1047	0.126	0.211	0.126
1049	0.056	0.143	0.056
1051	0.14	0.09	0.14
1053	0.06	0.129	0.06
1055	0.065	0.107	0.065
1057	0.132	0.128	0.132
1059	0.125	0.123	0.125
1061	0.065	0.1	0.065
1063	0.065	0.147	0.065
1065	0.084	0.127	0.084
1067	0.125	0.099	0.125
1069	0.063	0.089	0.063
1071	0.096	0.118	0.096
1073	0.053	0.107	0.053
1075	0.132	0.148	0.132
1077	0.067	0.105	0.067
1079	0.05	0.136	0.05
1081	0.132	0.086	0.132
1083	0.077	0.093	0.077
1085	0.027	0.185	0.027
1087	0.1	0.114	0.1
1089	0.122	0.075	0.122
1091	0.091	0.148	0.091
1093	0.093	0.152	0.093
1095	0.112	0.092	0.112
1097	0.129	0.111	0.129
1099	0.091	0.187	0.091
1101	0.085	0.102	0.085
1103	0.095	0.104	0.095
1105	0.072	0.198	0.072
1107	0.073	0.13	0.073
1109	0.132	0.087	0.132
1111	0.095	0.151	0.095
1113	0.079	0.126	0.079
1115	0.097	0.107	0.097
1117	0.071	0.076	0.071
1119	0.032	0.139	0.032
1121	0.096	0.136	0.096
1123	0.086	0.137	0.086
1125	0.06	0.09	0.06
1127	0.074	0.119	0.074
1129	0.134	0.151	0.134
1131	0.113	0.256	0.113
1133	0.178	0.175	0.178
2013	0.05	0.101	0.05
2016	0.071	0.084	0.071
2020	0.062	0.07	0.062
2050	0.09	0.148	0.09
2060	0.073	0.036	0.073
2068	0.124	0.034	0.124
2070	0.116	0.084	0.116
2090	0.056	0.069	0.056
2100	0.092	0.062	0.092
2110	0.051	0.057	0.051
2122	0.065	0.097	0.065
2130	0.093	0.061	0.093
2150	0.098	0.066	0.098
2164	0.107	0.059	0.107
2170	0.119	0.088	0.119
2180	0.097	0.121	0.097
2185	0.075	0.057	0.075
2188	0.056	0.132	0.056
2201	0.084	0.136	0.084
2220	0.12	0.059	0.12
2232	0.123	0.073	0.123
2240	0.097	0.081	0.097
2261	0.081	0.064	0.081
2270	0.091	0.204	0.091
2280	0.129	0.098	0.129
2282	0.119	0.063	0.119
2290	0.16	0.136	0.16
4001	0.078	0.148	0.078
4003	0.167	0.074	0.167
4005	0.082	0.077	0.082
4007	0.06	0.109	0.06
4009	0.042	0.144	0.042
4011	0.104	0.215	0.104
4012	0.085	0.089	0.085
4013	0.138	0.085	0.138
4015	0.059	0.102	0.059
4017	0.063	0.142	0.063
4019	0.059	0.084	0.059
4021	0.084	0.118	0.084
4023	0.034	0.172	0.034
4025	0.034	0.095	0.034
4027	0.085	0.242	0.085
5001	0.081	0.143	0.081
5003	0.066	0.091	0.066
5005	0.107	0.082	0.107
5007	0.078	0.053	0.078
5009	0.079	0.064	0.079
5011	0.092	0.078	0.092
5013	0.044	0.062	0.044
5015	0.13	0.043	0.13
5017	0.091	0.096	0.091
5019	0.088	0.063	0.088
5021	0.158	0.104	0.158
5023	0.139	0.059	0.139
5025	0.08	0.06	0.08
5027	0.075	0.081	0.075
5029	0.044	0.065	0.044
5031	0.093	0.059	0.093
5033	0.07	0.066	0.07
5035	0.071	0.099	0.071
5037	0.133	0.071	0.133
5039	0.048	0.076	0.048
5041	0.18	0.099	0.18
5043	0.08	0.091	0.08
5045	0.095	0.06	0.095
5047	0.083	0.059	0.083
5049	0.181	0.061	0.181
5051	0.1	0.066	0.1
5053	0.082	0.057	0.082
5055	0.086	0.082	0.086
5057	0.029	0.086	0.029
5059	0.102	0.073	0.102
5061	0.059	0.072	0.059
5063	0.054	0.078	0.054
5065	0.086	0.077	0.086
5067	0.138	0.092	0.138
5069	0.095	0.092	0.095
5071	0.109	0.061	0.109
5073	0.164	0.086	0.164
5075	0.093	0.079	0.093
5077	0.104	0.082	0.104
5079	0.118	0.082	0.118
5081	0.105	0.056	0.105
5083	0.068	0.077	0.068
5085	0.069	0.052	0.069
5087	0.094	0.053	0.094
5089	0.103	0.112	0.103
5091	0.185	0.045	0.185
5093	0.087	0.113	0.087
5095	0.113	0.074	0.113
5097	0.097	0.058	0.097
5099	0.06	0.087	0.06
5101	0.126	0.062	0.126
5103	0.124	0.071	0.124
5105	0.062	0.056	0.062
5107	0.098	0.088	0.098
5109	0.08	0.063	0.08
5111	0.079	0.075	0.079
5113	0.108	0.064	0.108
5115	0.088	0.062	0.088
5117	0.095	0.067	0.095
5119	0.094	0.06	0.094
5121	0.09	0.073	0.09
5123	0.092	0.094	0.092
5125	0.068	0.058	0.068
5127	0.093	0.063	0.093
5129	0.125	0.059	0.125
5131	0.108	0.062	0.108
5133	0.087	0.051	0.087
5135	0.052	0.078	0.052
5137	0.025	0.066	0.025
5139	0.028	0.095	0.028
5141	0.136	0.091	0.136
5143	0.071	0.05	0.071
5145	0.176	0.067	0.176
5147	0.122	0.091	0.122
5149	0.065	0.064	0.065
6001	0.128	0.113	0.128
6003	0.085	0.152	0.085
6005	0.049	0.121	0.049
6007	0.068	0.122	0.068
6009	0.076	0.143	0.076
6011	0.094	0.145	0.094
6013	0.035	0.112	0.035
6015	0.14	0.119	0.14
6017	0.098	0.112	0.098
6019	0.098	0.141	0.098
6021	0.074	0.138	0.074
6023	0.094	0.103	0.094
6025	0.051	0.301	0.051
6027	0.093	0.095	0.093
6029	0.151	0.139	0.151
6031	0.155	0.139	0.155
6033	0.087	0.147	0.087
6035	0.028	0.118	0.028
6037	0.094	0.127	0.094
6039	0.104	0.123	0.104
6041	0.063	0.08	0.063
6043	0.072	0.088	0.072
6045	0.082	0.101	0.082
6047	0.062	0.157	0.062
6049	0.081	0.111	0.081
6051	0.051	0.103	0.051
6053	0.05	0.1	0.05
6055	0.106	0.087	0.106
6057	0.077	0.109	0.077
6059	0.033	0.094	0.033
6061	0.086	0.113	0.086
6063	0.066	0.139	0.066
6065	0.086	0.147	0.086
6067	0.078	0.122	0.078
6069	0.107	0.125	0.107
6071	0.054	0.136	0.054
6073	0.108	0.102	0.108
6075	0.065	0.097	0.065
6077	0.058	0.155	0.058
6079	0.105	0.09	0.105
6081	0.088	0.09	0.088
6083	0.133	0.085	0.133
6085	0.066	0.118	0.066
6087	0.111	0.102	0.111
6089	0.128	0.147	0.128
6091	0.098	0.137	0.098
6093	0.071	0.135	0.071
6095	0.089	0.115	0.089
6097	0.137	0.099	0.137
6099	0.033	0.153	0.033
6101	0.167	0.151	0.167
6103	0.053	0.137	0.053
6105	0.102	0.159	0.102
6107	0.146	0.149	0.146
6109	0.079	0.127	0.079
6111	0.085	0.11	0.085
6113	0.072	0.109	0.072
6115	0.105	0.178	0.105
8001	0.096	0.081	0.096
8003	0.142	0.055	0.142
8005	0.032	0.069	0.032
8007	0.086	0.062	0.086
8009	0.084	0.034	0.084
8011	0.062	0.05	0.062
8013	0.082	0.055	0.082
8014	0.047	0.066	0.047
8015	0.074	0.051	0.074
8017	0.119	0.02	0.119
8019	0.04	0.07	0.04
8021	0.083	0.051	0.083
8023	0.091	0.084	0.091
8025	0.08	0.076	0.08
8027	0.036	0.052	0.036
8029	0.094	0.066	0.094
8031	0.163	0.077	0.163
8033	0.088	0.132	0.088
8035	0.039	0.059	0.039
8037	0.045	0.062	0.045
8039	0.031	0.06	0.031
8041	0.121	0.072	0.121
8043	0.036	0.077	0.036
8045	0.051	0.058	0.051
8047	0.14	0.06	0.14
8049	0.111	0.058	0.111
8051	0.055	0.044	0.055
8053	0.066	0.022	0.066
8055	0.109	0.072	0.109
8057	0.159	0.033	0.159
8059	0.088	0.067	0.088
8061	0.101	0.028	0.101
8063	0.054	0.029	0.054
8065	0.059	0.071	0.059
8067	0.044	0.047	0.044
8069	0.075	0.056	0.075
8071	0.084	0.07	0.084
8073	0.111	0.037	0.111
8075	0.084	0.046	0.084
8077	0.058	0.082	0.058
8079	0.079	0.053	0.079
8081	0.079	0.056	0.079
8083	0.083	0.063	0.083
8085	0.117	0.069	0.117
8087	0.133	0.049	0.133
8089	0.089	0.058	0.089
8091	0.084	0.041	0.084
8093	0.065	0.061	0.065
8095	0.084	0.026	0.084
8097	0.077	0.05	0.077
8099	0.034	0.05	0.034
8101	0.084	0.075	0.084
8103	0.259	0.039	0.259
8105	0.065	0.048	0.065
8107	0.086	0.06	0.086
8109	0.043	0.078	0.043
8111	0.056	0.053	0.056
8113	0.133	0.042	0.133
8115	0.082	0.033	0.082
8117	0.071	0.058	0.071
8119	0.066	0.067	0.066
8121	0.137	0.032	0.137
8123	0.105	0.075	0.105
8125	0.121	0.026	0.121
9001	0.1	0.078	0.1
9003	0.168	0.088	0.168
9005	0.134	0.079	0.134
9007	0.122	0.067	0.122
9009	0.129	0.089	0.129
9011	0.119	0.076	0.119
9013	0.056	0.067	0.056
9015	0.042	0.09	0.042
10001	0.131	0.079	0.131
10003	0.087	0.086	0.087
10005	0.06	0.073	0.06
11001	0.139	0.117	0.139
12001	0.178	0.071	0.178
12003	0.049	0.114	0.049
12005	0.114	0.089	0.114
12007	0.082	0.083	0.082
12009	0.069	0.111	0.069
12011	0.045	0.098	0.045
12013	0.086	0.082	0.086
12015	0.123	0.127	0.123
12017	0.032	0.121	0.032
12019	0.105	0.098	0.105
12021	0.102	0.131	0.102
12023	0.095	0.09	0.095
12027	0.127	0.117	0.127
12029	0.077	0.123	0.077
12031	0.089	0.112	0.089
12033	0.068	0.098	0.068
12035	0.091	0.162	0.091
12037	0.058	0.071	0.058
12039	0.119	0.096	0.119
12041	0.058	0.1	0.058
12043	0.056	0.1	0.056
12045	0.075	0.098	0.075
12047	0.118	0.113	0.118
12049	0.163	0.126	0.163
12051	0.089	0.168	0.089
12053	0.075	0.138	0.075
12055	0.083	0.116	0.083
12057	0.094	0.115	0.094
12059	0.06	0.072	0.06
12061	0.061	0.152	0.061
12063	0.161	0.072	0.161
12065	0.048	0.085	0.048
12067	0.078	0.072	0.078
12069	0.084	0.123	0.084
12071	0.119	0.139	0.119
12073	0.045	0.072	0.045
12075	0.073	0.121	0.073
12077	0.043	0.053	0.043
12079	0.06	0.117	0.06
12081	0.087	0.127	0.087
12083	0.027	0.133	0.027
12085	0.151	0.119	0.151
12086	0.02	0.113	0.02
12087	0.031	0.07	0.031
12089	0.091	0.107	0.091
12091	0.078	0.072	0.078
12093	0.082	0.133	0.082
12095	0.096	0.114	0.096
12097	0.123	0.128	0.123
12099	0.109	0.117	0.109
12101	0.098	0.125	0.098
12103	0.074	0.112	0.074
12105	0.078	0.127	0.078
12107	0.044	0.122	0.044
12109	0.127	0.09	0.127
12111	0.06	0.153	0.06
12113	0.066	0.094	0.066
12115	0.045	0.123	0.045
12117	0.051	0.106	0.051
12119	0.183	0.09	0.183
12121	0.064	0.098	0.064
12123	0.139	0.104	0.139
12125	0.091	0.084	0.091
12127	0.115	0.117	0.115
12129	0.089	0.072	0.089
12131	0.041	0.068	0.041
12133	0.179	0.096	0.179
13001	0.089	0.097	0.089
13003	0.063	0.126	0.063
13005	0.101	0.085	0.101
13007	0.068	0.091	0.068
13009	0.094	0.116	0.094
13011	0.117	0.067	0.117
13013	0.092	0.111	0.092
13015	0.116	0.133	0.116
13017	0.091	0.153	0.091
13019	0.071	0.124	0.071
13021	0.078	0.1	0.078
13023	0.142	0.097	0.142
13025	0.036	0.116	0.036
13027	0.101	0.087	0.101
13029	0.048	0.081	0.048
13031	0.102	0.09	0.102
13033	0.048	0.122	0.048
13035	0.05	0.127	0.05
13037	0.062	0.111	0.062
13039	0.07	0.091	0.07
13043	0.079	0.093	0.079
13045	0.086	0.108	0.086
13047	0.105	0.08	0.105
13049	0.063	0.106	0.063
13051	0.083	0.085	0.083
13053	0.19	0.146	0.19
13055	0.065	0.114	0.065
13057	0.078	0.095	0.078
13059	0.065	0.07	0.065
13061	0.119	0.082	0.119
13063	0.072	0.123	0.072
13065	0.07	0.11	0.07
13067	0.059	0.096	0.059
13069	0.072	0.168	0.072
13071	0.042	0.09	0.042
13073	0.093	0.07	0.093
13075	0.076	0.119	0.076
13077	0.116	0.1	0.116
13079	0.076	0.095	0.076
13081	0.087	0.121	0.087
13083	0.051	0.09	0.051
13085	0.107	0.101	0.107
13087	0.114	0.127	0.114
13089	0.097	0.107	0.097
13091	0.094	0.112	0.094
13093	0.125	0.101	0.125
13095	0.091	0.111	0.091
13097	0.061	0.114	0.061
13099	0.063	0.105	0.063
13101	0.092	0.067	0.092
13103	0.104	0.079	0.104
13105	0.126	0.122	0.126
13107	0.147	0.103	0.147
13109	0.065	0.089	0.065
13111	0.119	0.1	0.119
13113	0.067	0.084	0.067
13115	0.07	0.111	0.07
13117	0.114	0.086	0.114
13119	0.131	0.118	0.131
13121	0.051	0.107	0.051
13123	0.088	0.098	0.088
13125	0.059	0.111	0.059
13127	0.119	0.082	0.119
13129	0.09	0.131	0.09
13131	0.085	0.098	0.085
13133	0.062	0.111	0.062
13135	0.087	0.094	0.087
13137	0.09	0.094	0.09
13139	0.081	0.091	0.081
13141	0.091	0.177	0.091
13143	0.027	0.113	0.027
13145	0.153	0.072	0.153
13147	0.125	0.138	0.125
13149	0.091	0.124	0.091
13151	0.21	0.104	0.21
13153	0.102	0.073	0.102
13155	0.118	0.145	0.118
13157	0.101	0.109	0.101
13159	0.107	0.127	0.107
13161	0.077	0.135	0.077
13163	0.107	0.149	0.107
13165	0.098	0.196	0.098
13167	0.104	0.119	0.104
13169	0.152	0.086	0.152
13171	0.034	0.153	0.034
13173	0.096	0.084	0.096
13175	0.092	0.108	0.092
13177	0.08	0.079	0.08
13179	0.087	0.085	0.087
13181	0.14	0.103	0.14
13183	0.113	0.059	0.113
13185	0.066	0.082	0.066
13187	0.051	0.111	0.051
13189	0.122	0.121	0.122
13191	0.073	0.096	0.073
13193	0.038	0.13	0.038
13195	0.052	0.083	0.052
13197	0.076	0.099	0.076
13199	0.084	0.132	0.084
13201	0.08	0.087	0.08
13205	0.097	0.104	0.097
13207	0.159	0.102	0.159
13209	0.063	0.085	0.063
13211	0.111	0.098	0.111
13213	0.091	0.123	0.091
13215	0.112	0.092	0.112
13217	0.118	0.126	0.118
13219	0.102	0.062	0.102
13221	0.066	0.082	0.066
13223	0.068	0.107	0.068
13225	0.175	0.102	0.175
13227	0.135	0.108	0.135
13229	0.13	0.093	0.13
13231	0.066	0.118	0.066
13233	0.118	0.108	0.118
13235	0.129	0.071	0.129
13237	0.103	0.104	0.103
13239	0.062	0.118	0.062
13241	0.071	0.104	0.071
13243	0.112	0.13	0.112
13245	0.115	0.103	0.115
13247	0.095	0.12	0.095
13249	0.061	0.138	0.061
13251	0.06	0.137	0.06
13253	0.067	0.107	0.067
13255	0.111	0.154	0.111
13257	0.115	0.107	0.115
13259	0.038	0.107	0.038
13261	0.093	0.129	0.093
13263	0.033	0.098	0.033
13265	0.056	0.124	0.056
13267	0.06	0.087	0.06
13269	0.094	0.13	0.094
13271	0.098	0.162	0.098
13273	0.072	0.116	0.072
13275	0.079	0.093	0.079
13277	0.077	0.106	0.077
13279	0.172	0.098	0.172
13281	0.056	0.078	0.056
13283	0.068	0.119	0.068
13285	0.066	0.129	0.066
13287	0.055	0.13	0.055
13289	0.084	0.114	0.084
13291	0.074	0.09	0.074
13293	0.045	0.133	0.045
13295	0.059	0.096	0.059
13297	0.053	0.11	0.053
13299	0.084	0.107	0.084
13301	0.064	0.188	0.064
13303	0.075	0.14	0.075
13305	0.049	0.117	0.049
13307	0.061	0.091	0.061
13309	0.062	0.091	0.062
13311	0.059	0.095	0.059
13313	0.117	0.125	0.117
13315	0.084	0.116	0.084
13317	0.117	0.117	0.117
13319	0.062	0.107	0.062
13321	0.161	0.108	0.161
15001	0.114	0.108	0.114
15003	0.232	0.063	0.232
15007	0.093	0.096	0.093
15009	0.106	0.097	0.106
16001	0.091	0.091	0.091
16003	0.102	0.121	0.102
16005	0.042	0.084	0.042
16007	0.116	0.052	0.116
16009	0.088	0.121	0.088
16011	0.032	0.059	0.032
16013	0.126	0.077	0.126
16015	0.027	0.071	0.027
16017	0.121	0.095	0.121
16019	0.097	0.059	0.097
16021	0.081	0.12	0.081
16023	0.138	0.045	0.138
16025	0.153	0.11	0.153
16027	0.102	0.106	0.102
16029	0.039	0.06	0.039
16031	0.046	0.059	0.046
16033	0.081	0.041	0.081
16035	0.124	0.118	0.124
16037	0.104	0.039	0.104
16039	0.105	0.077	0.105
16041	0.095	0.04	0.095
16043	0.089	0.066	0.089
16045	0.07	0.104	0.07
16047	0.113	0.055	0.113
16049	0.109	0.083	0.109
16051	0.126	0.068	0.126
16053	0.122	0.059	0.122
16055	0.073	0.087	0.073
16057	0.078	0.059	0.078
16059	0.103	0.065	0.103
16061	0.071	0.052	0.071
16063	0.076	0.097	0.076
16065	0.127	0.055	0.127
16067	0.059	0.06	0.059
16069	0.068	0.055	0.068
16071	0.114	0.05	0.114
16073	0.101	0.041	0.101
16075	0.092	0.077	0.092
16077	0.101	0.067	0.101
16079	0.053	0.119	0.053
16081	0.098	0.051	0.098
16083	0.079	0.068	0.079
16085	0.073	0.114	0.073
16087	0.141	0.084	0.141
17001	0.083	0.079	0.083
17003	0.102	0.112	0.102
17005	0.071	0.093	0.071
17007	0.082	0.138	0.082
17009	0.119	0.045	0.119
17011	0.048	0.109	0.048
17013	0.078	0.095	0.078
17015	0.065	0.105	0.065
17017	0.252	0.073	0.252
17019	0.131	0.082	0.131
17021	0.107	0.099	0.107
17023	0.11	0.131	0.11
17025	0.072	0.114	0.072
17027	0.111	0.079	0.111
17029	0.07	0.091	0.07
17031	0.055	0.106	0.055
17033	0.112	0.105	0.112
17035	0.075	0.097	0.075
17037	0.062	0.092	0.062
17039	0.068	0.092	0.068
17041	0.059	0.091	0.059
17043	0.078	0.086	0.078
17045	0.115	0.107	0.115
17047	0.076	0.091	0.076
17049	0.099	0.079	0.099
17051	0.065	0.116	0.065
17053	0.065	0.104	0.065
17055	0.136	0.146	0.136
17057	0.115	0.125	0.115
17059	0.061	0.11	0.061
17061	0.075	0.092	0.075
17063	0.112	0.114	0.112
17065	0.123	0.093	0.123
17067	0.104	0.113	0.104
17069	0.164	0.128	0.164
17071	0.066	0.094	0.066
17073	0.204	0.086	0.204
17075	0.111	0.1	0.111
17077	0.042	0.073	0.042
17079	0.121	0.095	0.121
17081	0.052	0.1	0.052
17083	0.05	0.088	0.05
17085	0.095	0.081	0.095
17087	0.124	0.104	0.124
17089	0.069	0.099	0.069
17091	0.064	0.128	0.064
17093	0.111	0.104	0.111
17095	0.051	0.103	0.051
17097	0.057	0.1	0.057
17099	0.108	0.124	0.108
17101	0.085	0.103	0.085
17103	0.068	0.109	0.068
17105	0.094	0.107	0.094
17107	0.074	0.095	0.074
17109	0.083	0.077	0.083
17111	0.08	0.093	0.08
17113	0.143	0.074	0.143
17115	0.057	0.124	0.057
17117	0.058	0.105	0.058
17119	0.135	0.097	0.135
17121	0.072	0.119	0.072
17123	0.109	0.106	0.109
17125	0.096	0.143	0.096
17127	0.117	0.08	0.117
17129	0.113	0.078	0.113
17131	0.176	0.089	0.176
17133	0.077	0.078	0.077
17135	0.087	0.122	0.087
17137	0.055	0.084	0.055
17139	0.072	0.09	0.072
17141	0.066	0.119	0.066
17143	0.084	0.116	0.084
17145	0.081	0.119	0.081
17147	0.165	0.082	0.165
17149	0.117	0.081	0.117
17151	0.094	0.106	0.094
17153	0.049	0.119	0.049
17155	0.076	0.15	0.076
17157	0.073	0.094	0.073
17159	0.047	0.105	0.047
17161	0.11	0.095	0.11
17163	0.082	0.108	0.082
17165	0.109	0.112	0.109
17167	0.042	0.079	0.042
17169	0.123	0.066	0.123
17171	0.089	0.075	0.089
17173	0.07	0.1	0.07
17175	0.106	0.098	0.106
17177	0.089	0.116	0.089
17179	0.138	0.113	0.138
17181	0.147	0.108	0.147
17183	0.087	0.12	0.087
17185	0.075	0.103	0.075
17187	0.044	0.08	0.044
17189	0.088	0.08	0.088
17191	0.107	0.097	0.107
17193	0.072	0.086	0.072
17195	0.083	0.106	0.083
17197	0.074	0.099	0.074
17199	0.201	0.096	0.201
17201	0.101	0.155	0.101
17203	0.083	0.086	0.083
18001	0.028	0.134	0.028
18003	0.08	0.093	0.08
18005	0.092	0.088	0.092
18007	0.082	0.09	0.082
18009	0.063	0.133	0.063
18011	0.07	0.068	0.07
18013	0.094	0.078	0.094
18015	0.025	0.099	0.025
18017	0.093	0.105	0.093
18019	0.148	0.082	0.148
18021	0.114	0.096	0.114
18023	0.243	0.092	0.243
18025	0.085	0.105	0.085
18027	0.071	0.049	0.071
18029	0.084	0.089	0.084
18031	0.161	0.11	0.161
18033	0.038	0.124	0.038
18035	0.041	0.095	0.041
18037	0.14	0.08	0.14
18039	0.059	0.15	0.059
18041	0.067	0.134	0.067
18043	0.076	0.074	0.076
18045	0.04	0.116	0.04
18047	0.09	0.089	0.09
18049	0.086	0.112	0.086
18051	0.051	0.067	0.051
18053	0.09	0.111	0.09
18055	0.089	0.071	0.089
18057	0.175	0.061	0.175
18059	0.098	0.078	0.098
18061	0.098	0.078	0.098
18063	0.114	0.068	0.114
18065	0.068	0.12	0.068
18067	0.107	0.119	0.107
18069	0.077	0.111	0.077
18071	0.092	0.101	0.092
18073	0.121	0.087	0.121
18075	0.129	0.104	0.129
18077	0.125	0.095	0.125
18079	0.083	0.122	0.083
18081	0.188	0.074	0.188
18083	0.102	0.066	0.102
18085	0.066	0.11	0.066
18087	0.039	0.14	0.039
18089	0.125	0.094	0.125
18091	0.058	0.107	0.058
18093	0.073	0.111	0.073
18095	0.094	0.097	0.094
18097	0.119	0.084	0.119
18099	0.14	0.114	0.14
18101	0.064	0.063	0.064
18103	0.113	0.123	0.113
18105	0.163	0.056	0.163
18107	0.082	0.097	0.082
18109	0.083	0.075	0.083
18111	0.065	0.089	0.065
18113	0.097	0.145	0.097
18115	0.074	0.105	0.074
18117	0.099	0.092	0.099
18119	0.158	0.081	0.158
18121	0.059	0.083	0.059
18123	0.163	0.088	0.163
18125	0.183	0.087	0.183
18127	0.045	0.082	0.045
18129	0.056	0.07	0.056
18131	0.078	0.095	0.078
18133	0.099	0.082	0.099
18135	0.087	0.102	0.087
18137	0.057	0.091	0.057
18139	0.026	0.095	0.026
18141	0.142	0.104	0.142
18143	0.151	0.121	0.151
18145	0.136	0.088	0.136
18147	0.054	0.081	0.054
18149	0.029	0.126	0.029
18151	0.082	0.129	0.082
18153	0.104	0.093	0.104
18155	0.163	0.07	0.163
18157	0.067	0.085	0.067
18159	0.082	0.103	0.082
18161	0.153	0.086	0.153
18163	0.22	0.074	0.22
18165	0.104	0.108	0.104
18167	0.021	0.092	0.021
18169	0.063	0.12	0.063
18171	0.129	0.101	0.129
18173	0.143	0.069	0.143
18175	0.146	0.112	0.146
18177	0.119	0.109	0.119
18179	0.048	0.091	0.048
18181	0.092	0.094	0.092
18183	0.102	0.116	0.102
19001	0.11	0.051	0.11
19003	0.115	0.06	0.115
19005	0.102	0.093	0.102
19007	0.078	0.094	0.078
19009	0.034	0.051	0.034
19011	0.104	0.058	0.104
19013	0.081	0.058	0.081
19015	0.079	0.059	0.079
19017	0.117	0.05	0.117
19019	0.069	0.059	0.069
19021	0.127	0.055	0.127
19023	0.114	0.06	0.114
19025	0.065	0.054	0.065
19027	0.056	0.042	0.056
19029	0.107	0.058	0.107
19031	0.088	0.057	0.088
19033	0.112	0.067	0.112
19035	0.092	0.044	0.092
19037	0.108	0.084	0.108
19039	0.148	0.074	0.148
19041	0.056	0.062	0.056
19043	0.063	0.079	0.063
19045	0.119	0.077	0.119
19047	0.097	0.047	0.097
19049	0.052	0.051	0.052
19051	0.081	0.101	0.081
19053	0.077	0.066	0.077
19055	0.082	0.068	0.082
19057	0.072	0.082	0.072
19059	0.059	0.058	0.059
19061	0.043	0.06	0.043
19063	0.079	0.086	0.079
19065	0.164	0.085	0.164
19067	0.07	0.087	0.07
19069	0.102	0.07	0.102
19071	0.077	0.07	0.077
19073	0.103	0.063	0.103
19075	0.066	0.049	0.066
19077	0.086	0.056	0.086
19079	0.054	0.081	0.054
19081	0.103	0.09	0.103
19083	0.107	0.06	0.107
19085	0.073	0.044	0.073
19087	0.145	0.088	0.145
19089	0.085	0.086	0.085
19091	0.067	0.062	0.067
19093	0.126	0.058	0.126
19095	0.108	0.058	0.108
19097	0.108	0.077	0.108
19099	0.069	0.081	0.069
19101	0.091	0.087	0.091
19103	0.07	0.044	0.07
19105	0.07	0.063	0.07
19107	0.107	0.071	0.107
19109	0.089	0.056	0.089
19111	0.079	0.114	0.079
19113	0.109	0.065	0.109
19115	0.087	0.08	0.087
19117	0.143	0.06	0.143
19119	0.147	0.043	0.147
19121	0.085	0.058	0.085
19123	0.1	0.077	0.1
19125	0.091	0.057	0.091
19127	0.074	0.07	0.074
19129	0.087	0.043	0.087
19131	0.1	0.054	0.1
19133	0.117	0.071	0.117
19135	0.087	0.075	0.087
19137	0.061	0.087	0.061
19139	0.078	0.089	0.078
19141	0.057	0.053	0.057
19143	0.063	0.054	0.063
19145	0.083	0.087	0.083
19147	0.102	0.07	0.102
19149	0.126	0.047	0.126
19151	0.085	0.052	0.085
19153	0.075	0.062	0.075
19155	0.056	0.048	0.056
19157	0.099	0.066	0.099
19159	0.066	0.053	0.066
19161	0.043	0.047	0.043
19163	0.088	0.073	0.088
19165	0.053	0.039	0.053
19167	0.036	0.041	0.036
19169	0.071	0.045	0.071
19171	0.066	0.066	0.066
19173	0.061	0.067	0.061
19175	0.09	0.06	0.09
19177	0.095	0.08	0.095
19179	0.079	0.094	0.079
19181	0.049	0.058	0.049
19183	0.135	0.049	0.135
19185	0.215	0.064	0.215
19187	0.18	0.083	0.18
19189	0.062	0.091	0.062
19191	0.068	0.058	0.068
19193	0.062	0.057	0.062
19195	0.137	0.063	0.137
19197	0.074	0.084	0.074
20001	0.079	0.078	0.079
20003	0.095	0.079	0.095
20005	0.022	0.081	0.022
20007	0.099	0.051	0.099
20009	0.089	0.061	0.089
20011	0.102	0.065	0.102
20013	0.078	0.056	0.078
20015	0.102	0.072	0.102
20017	0.097	0.054	0.097
20019	0.094	0.084	0.094
20021	0.063	0.085	0.063
20023	0.084	0.037	0.084
20025	0.043	0.037	0.043
20027	0.073	0.042	0.073
20029	0.139	0.045	0.139
20031	0.061	0.057	0.061
20033	0.089	0.038	0.089
20035	0.055	0.076	0.055
20037	0.056	0.081	0.056
20039	0.086	0.033	0.086
20041	0.078	0.051	0.078
20043	0.069	0.088	0.069
20045	0.091	0.054	0.091
20047	0.063	0.044	0.063
20049	0.074	0.11	0.074
20051	0.085	0.036	0.085
20053	0.074	0.041	0.074
20055	0.091	0.043	0.091
20057	0.189	0.038	0.189
20059	0.093	0.071	0.093
20061	0.129	0.069	0.129
20063	0.152	0.035	0.152
20065	0.085	0.043	0.085
20067	0.08	0.042	0.08
20069	0.073	0.034	0.073
20071	0.135	0.045	0.135
20073	0.113	0.072	0.113
20075	0.083	0.042	0.083
20077	0.058	0.056	0.058
20079	0.109	0.074	0.109
20081	0.091	0.037	0.091
20083	0.102	0.042	0.102
20085	0.047	0.06	0.047
20087	0.079	0.067	0.079
20089	0.168	0.049	0.168
20091	0.109	0.068	0.109
20093	0.072	0.045	0.072
20095	0.084	0.063	0.084
20097	0.039	0.049	0.039
20099	0.035	0.078	0.035
20101	0.124	0.034	0.124
20103	0.085	0.073	0.085
20105	0.104	0.063	0.104
20107	0.086	0.084	0.086
20109	0.075	0.04	0.075
20111	0.091	0.057	0.091
20113	0.103	0.051	0.103
20115	0.134	0.063	0.134
20117	0.047	0.049	0.047
20119	0.127	0.042	0.127
20121	0.09	0.068	0.09
20123	0.04	0.058	0.04
20125	0.099	0.094	0.099
20127	0.049	0.068	0.049
20129	0.095	0.047	0.095
20131	0.108	0.043	0.108
20133	0.075	0.07	0.075
20135	0.061	0.04	0.061
20137	0.14	0.047	0.14
20139	0.03	0.07	0.03
20141	0.103	0.044	0.103
20143	0.124	0.065	0.124
20145	0.089	0.037	0.089
20147	0.07	0.06	0.07
20149	0.105	0.041	0.105
20151	0.087	0.053	0.087
20153	0.054	0.035	0.054
20155	0.091	0.063	0.091
20157	0.056	0.041	0.056
20159	0.112	0.051	0.112
20161	0.075	0.032	0.075
20163	0.07	0.073	0.07
20165	0.097	0.059	0.097
20167	0.036	0.046	0.036
20169	0.056	0.057	0.056
20171	0.105	0.032	0.105
20173	0.083	0.088	0.083
20175	0.119	0.051	0.119
20177	0.106	0.064	0.106
20179	0.085	0.032	0.085
20181	0.139	0.039	0.139
20183	0.087	0.043	0.087
20185	0.029	0.061	0.029
20187	0.138	0.034	0.138
20189	0.122	0.053	0.122
20191	0.077	0.09	0.077
20193	0.202	0.036	0.202
20195	0.072	0.036	0.072
20197	0.094	0.066	0.094
20199	0.082	0.059	0.082
20201	0.045	0.045	0.045
20203	0.09	0.035	0.09
20205	0.093	0.102	0.093
20207	0.087	0.089	0.087
20209	0.08	0.104	0.08
21001	0.029	0.101	0.029
21003	0.085	0.143	0.085
21005	0.042	0.109	0.042
21007	0.055	0.102	0.055
21009	0.13	0.116	0.13
21011	0.073	0.133	0.073
21013	0.066	0.125	0.066
21015	0.12	0.092	0.12
21017	0.129	0.091	0.129
21019	0.204	0.083	0.204
21021	0.079	0.11	0.079
21023	0.111	0.102	0.111
21025	0.104	0.1	0.104
21027	0.063	0.121	0.063
21029	0.106	0.108	0.106
21031	0.143	0.137	0.143
21033	0.091	0.109	0.091
21035	0.101	0.08	0.101
21037	0.078	0.107	0.078
21039	0.072	0.091	0.072
21041	0.043	0.124	0.043
21043	0.064	0.135	0.064
21045	0.1	0.102	0.1
21047	0.067	0.129	0.067
21049	0.079	0.114	0.079
21051	0.081	0.135	0.081
21053	0.096	0.09	0.096
21055	0.048	0.108	0.048
21057	0.1	0.13	0.1
21059	0.09	0.091	0.09
21061	0.119	0.128	0.119
21063	0.117	0.126	0.117
21065	0.102	0.129	0.102
21067	0.127	0.077	0.127
21069	0.09	0.122	0.09
21071	0.079	0.124	0.079
21073	0.098	0.091	0.098
21075	0.085	0.144	0.085
21077	0.123	0.111	0.123
21079	0.102	0.119	0.102
21081	0.085	0.101	0.085
21083	0.103	0.103	0.103
21085	0.071	0.164	0.071
21087	0.12	0.124	0.12
21089	0.126	0.098	0.126
21091	0.086	0.136	0.086
21093	0.129	0.1	0.129
21095	0.12	0.125	0.12
21097	0.038	0.111	0.038
21099	0.058	0.106	0.058
21101	0.1	0.098	0.1
21103	0.156	0.107	0.156
21105	0.079	0.092	0.079
21107	0.107	0.091	0.107
21109	0.06	0.175	0.06
21111	0.132	0.105	0.132
21113	0.063	0.088	0.063
21115	0.116	0.111	0.116
21117	0.09	0.1	0.09
21119	0.078	0.12	0.078
21121	0.124	0.115	0.124
21123	0.061	0.107	0.061
21125	0.084	0.101	0.084
21127	0.066	0.131	0.066
21129	0.102	0.123	0.102
21131	0.03	0.137	0.03
21133	0.133	0.12	0.133
21135	0.094	0.151	0.094
21137	0.086	0.121	0.086
21139	0.128	0.098	0.128
21141	0.121	0.104	0.121
21143	0.108	0.122	0.108
21145	0.115	0.091	0.115
21147	0.087	0.133	0.087
21149	0.055	0.106	0.055
21151	0.046	0.087	0.046
21153	0.059	0.214	0.059
21155	0.051	0.129	0.051
21157	0.12	0.107	0.12
21159	0.087	0.124	0.087
21161	0.13	0.111	0.13
21163	0.109	0.124	0.109
21165	0.061	0.147	0.061
21167	0.107	0.108	0.107
21169	0.106	0.158	0.106
21171	0.099	0.14	0.099
21173	0.056	0.126	0.056
21175	0.123	0.145	0.123
21177	0.046	0.107	0.046
21179	0.072	0.115	0.072
21181	0.051	0.125	0.051
21183	0.083	0.094	0.083
21185	0.091	0.086	0.091
21187	0.11	0.101	0.11
21189	0.08	0.112	0.08
21191	0.067	0.117	0.067
21193	0.048	0.125	0.048
21195	0.081	0.107	0.081
21197	0.065	0.167	0.065
21199	0.072	0.1	0.072
21201	0.059	0.096	0.059
21203	0.08	0.128	0.08
21205	0.228	0.086	0.228
21207	0.114	0.108	0.114
21209	0.1	0.091	0.1
21211	0.13	0.096	0.13
21213	0.111	0.118	0.111
21215	0.086	0.102	0.086
21217	0.037	0.102	0.037
21219	0.071	0.126	0.071
21221	0.116	0.16	0.116
21223	0.104	0.107	0.104
21225	0.084	0.108	0.084
21227	0.057	0.092	0.057
21229	0.068	0.127	0.068
21231	0.064	0.136	0.064
21233	0.121	0.088	0.121
21235	0.051	0.114	0.051
21237	0.088	0.139	0.088
21239	0.04	0.083	0.04
22001	0.044	0.071	0.044
22003	0.102	0.101	0.102
22005	0.113	0.067	0.113
22007	0.05	0.088	0.05
22009	0.157	0.081	0.157
22011	0.102	0.08	0.102
22013	0.051	0.105	0.051
22015	0.086	0.064	0.086
22017	0.198	0.079	0.198
22019	0.043	0.072	0.043
22021	0.062	0.107	0.062
22023	0.073	0.056	0.073
22025	0.119	0.103	0.119
22027	0.15	0.103	0.15
22029	0.084	0.113	0.084
22031	0.114	0.09	0.114
22033	0.087	0.068	0.087
22035	0.059	0.142	0.059
22037	0.043	0.08	0.043
22039	0.035	0.086	0.035
22041	0.1	0.113	0.1
22043	0.067	0.082	0.067
22045	0.115	0.076	0.115
22047	0.042	0.104	0.042
22049	0.097	0.078	0.097
22051	0.053	0.065	0.053
22053	0.043	0.064	0.043
22055	0.116	0.059	0.116
22057	0.044	0.049	0.044
22059	0.1	0.073	0.1
22061	0.117	0.078	0.117
22063	0.103	0.07	0.103
22065	0.071	0.093	0.071
22067	0.091	0.151	0.091
22069	0.151	0.084	0.151
22071	0.085	0.107	0.085
22073	0.04	0.076	0.04
22075	0.052	0.062	0.052
22077	0.127	0.079	0.127
22079	0.123	0.069	0.123
22081	0.079	0.096	0.079
22083	0.118	0.107	0.118
22085	0.058	0.081	0.058
22087	0.113	0.105	0.113
22089	0.078	0.065	0.078
22091	0.074	0.118	0.074
22093	0.059	0.1	0.059
22095	0.046	0.084	0.046
22097	0.072	0.083	0.072
22099	0.088	0.075	0.088
22101	0.055	0.086	0.055
22103	0.17	0.052	0.17
22105	0.072	0.081	0.072
22107	0.141	0.135	0.141
22109	0.05	0.052	0.05
22111	0.159	0.122	0.159
22113	0.12	0.072	0.12
22115	0.117	0.067	0.117
22117	0.078	0.096	0.078
22119	0.073	0.091	0.073
22121	0.126	0.074	0.126
22123	0.12	0.17	0.12
22125	0.111	0.082	0.111
22127	0.053	0.091	0.053
23001	0.093	0.084	0.093
23003	0.13	0.093	0.13
23005	0.078	0.065	0.078
23007	0.057	0.112	0.057
23009	0.105	0.068	0.105
23011	0.082	0.073	0.082
23013	0.06	0.07	0.06
23015	0.133	0.063	0.133
23017	0.088	0.109	0.088
23019	0.133	0.08	0.133
23021	0.053	0.116	0.053
23023	0.129	0.067	0.129
23025	0.181	0.107	0.181
23027	0.081	0.078	0.081
23029	0.065	0.104	0.065
23031	0.095	0.074	0.095
24001	0.052	0.075	0.052
24003	0.181	0.065	0.181
24005	0.132	0.077	0.132
24009	0.069	0.059	0.069
24011	0.102	0.088	0.102
24013	0.061	0.06	0.061
24015	0.122	0.086	0.122
24017	0.063	0.059	0.063
24019	0.053	0.109	0.053
24021	0.071	0.059	0.071
24023	0.109	0.069	0.109
24025	0.119	0.071	0.119
24027	0.07	0.054	0.07
24029	0.029	0.071	0.029
24031	0.086	0.053	0.086
24033	0.109	0.073	0.109
24035	0.058	0.066	0.058
24037	0.131	0.056	0.131
24039	0.098	0.095	0.098
24041	0.11	0.068	0.11
24043	0.116	0.094	0.116
24045	0.071	0.077	0.071
24047	0.083	0.075	0.083
24510	0.116	0.106	0.116
25001	0.091	0.08	0.091
25003	0.115	0.084	0.115
25005	0.151	0.118	0.151
25007	0.078	0.05	0.078
25009	0.071	0.101	0.071
25011	0.135	0.087	0.135
25013	0.124	0.105	0.124
25015	0.061	0.073	0.061
25017	0.09	0.081	0.09
25019	0.144	0.05	0.144
25021	0.117	0.085	0.117
25023	0.055	0.097	0.055
25025	0.157	0.093	0.157
25027	0.092	0.101	0.092
26001	0.112	0.167	0.112
26003	0.073	0.12	0.073
26005	0.16	0.132	0.16
26007	0.11	0.139	0.11
26009	0.032	0.147	0.032
26011	0.092	0.158	0.092
26013	0.053	0.243	0.053
26015	0.115	0.105	0.115
26017	0.111	0.123	0.111
26019	0.068	0.12	0.068
26021	0.078	0.135	0.078
26023	0.1	0.14	0.1
26025	0.056	0.124	0.056
26027	0.091	0.114	0.091
26029	0.066	0.139	0.066
26031	0.079	0.086	0.079
26033	0.071	0.116	0.071
26035	0.101	0.168	0.101
26037	0.101	0.094	0.101
26039	0.149	0.137	0.149
26041	0.148	0.115	0.148
26043	0.135	0.12	0.135
26045	0.055	0.103	0.055
26047	0.08	0.122	0.08
26049	0.11	0.158	0.11
26051	0.056	0.165	0.056
26053	0.056	0.133	0.056
26055	0.036	0.12	0.036
26057	0.076	0.137	0.076
26059	0.037	0.172	0.037
26061	0.083	0.102	0.083
26063	0.041	0.148	0.041
26065	0.063	0.116	0.063
26067	0.067	0.134	0.067
26069	0.06	0.164	0.06
26071	0.063	0.117	0.063
26073	0.126	0.085	0.126
26075	0.109	0.149	0.109
26077	0.123	0.112	0.123
26079	0.058	0.143	0.058
26081	0.094	0.117	0.094
26083	0.082	0.119	0.082
26085	0.202	0.175	0.202
26087	0.128	0.181	0.128
26089	0.115	0.09	0.115
26091	0.108	0.161	0.108
26093	0.09	0.136	0.09
26095	0.078	0.132	0.078
26097	0.066	0.061	0.066
26099	0.103	0.181	0.103
26101	0.122	0.126	0.122
26103	0.121	0.101	0.121
26105	0.066	0.129	0.066
26107	0.047	0.13	0.047
26109	0.121	0.125	0.121
26111	0.036	0.102	0.036
26113	0.111	0.15	0.111
26115	0.07	0.142	0.07
26117	0.092	0.176	0.092
26119	0.04	0.189	0.04
26121	0.056	0.16	0.056
26123	0.129	0.138	0.129
26125	0.098	0.156	0.098
26127	0.117	0.152	0.117
26129	0.134	0.127	0.134
26131	0.095	0.138	0.095
26133	0.13	0.153	0.13
26135	0.137	0.191	0.137
26137	0.11	0.147	0.11
26139	0.059	0.128	0.059
26141	0.129	0.16	0.129
26143	0.06	0.146	0.06
26145	0.077	0.129	0.077
26147	0.044	0.19	0.044
26149	0.107	0.139	0.107
26151	0.097	0.178	0.097
26153	0.095	0.127	0.095
26155	0.07	0.152	0.07
26157	0.052	0.163	0.052
26159	0.129	0.132	0.129
26161	0.024	0.093	0.024
26163	0.189	0.183	0.189
26165	0.04	0.183	0.04
27001	0.072	0.081	0.072
27003	0.059	0.079	0.059
27005	0.121	0.064	0.121
27007	0.049	0.072	0.049
27009	0.059	0.07	0.059
27011	0.034	0.045	0.034
27013	0.034	0.063	0.034
27015	0.045	0.055	0.045
27017	0.073	0.073	0.073
27019	0.038	0.07	0.038
27021	0.089	0.079	0.089
27023	0.098	0.061	0.098
27025	0.134	0.084	0.134
27027	0.157	0.036	0.157
27029	0.134	0.091	0.134
27031	0.097	0.047	0.097
27033	0.088	0.052	0.088
27035	0.071	0.074	0.071
27037	0.056	0.069	0.056
27039	0.152	0.061	0.152
27041	0.074	0.056	0.074
27043	0.098	0.076	0.098
27045	0.098	0.07	0.098
27047	0.111	0.076	0.111
27049	0.173	0.067	0.173
27051	0.097	0.068	0.097
27053	0.111	0.073	0.111
27055	0.057	0.071	0.057
27057	0.1	0.073	0.1
27059	0.131	0.083	0.131
27061	0.062	0.092	0.062
27063	0.119	0.047	0.119
27065	0.077	0.103	0.077
27067	0.12	0.055	0.12
27069	0.084	0.052	0.084
27071	0.063	0.073	0.063
27073	0.098	0.054	0.098
27075	0.053	0.075	0.053
27077	0.094	0.069	0.094
27079	0.085	0.086	0.085
27081	0.086	0.045	0.086
27083	0.152	0.049	0.152
27085	0.097	0.08	0.097
27087	0.076	0.06	0.076
27089	0.08	0.062	0.08
27091	0.058	0.069	0.058
27093	0.047	0.078	0.047
27095	0.257	0.105	0.257
27097	0.102	0.09	0.102
27099	0.091	0.055	0.091
27101	0.071	0.039	0.071
27103	0.047	0.061	0.047
27105	0.079	0.045	0.079
27107	0.09	0.051	0.09
27109	0.032	0.055	0.032
27111	0.026	0.063	0.026
27113	0.137	0.056	0.137
27115	0.095	0.091	0.095
27117	0.072	0.053	0.072
27119	0.099	0.044	0.099
27121	0.132	0.064	0.132
27123	0.136	0.074	0.136
27125	0.063	0.067	0.063
27127	0.079	0.061	0.079
27129	0.071	0.064	0.071
27131	0.096	0.075	0.096
27133	0.075	0.051	0.075
27135	0.07	0.05	0.07
27137	0.099	0.082	0.099
27139	0.132	0.068	0.132
27141	0.046	0.081	0.046
27143	0.075	0.065	0.075
27145	0.119	0.068	0.119
27147	0.069	0.077	0.069
27149	0.093	0.043	0.093
27151	0.102	0.066	0.102
27153	0.045	0.075	0.045
27155	0.074	0.062	0.074
27157	0.096	0.071	0.096
27159	0.045	0.088	0.045
27161	0.236	0.07	0.236
27163	0.022	0.068	0.022
27165	0.078	0.075	0.078
27167	0.065	0.047	0.065
27169	0.081	0.07	0.081
27171	0.108	0.082	0.108
27173	0.102	0.051	0.102
28001	0.087	0.08	0.087
28003	0.1	0.113	0.1
28005	0.053	0.086	0.053
28007	0.118	0.118	0.118
28009	0.077	0.126	0.077
28011	0.051	0.09	0.051
28013	0.042	0.097	0.042
28015	0.085	0.098	0.085
28017	0.05	0.132	0.05
28019	0.072	0.113	0.072
28021	0.111	0.15	0.111
28023	0.111	0.1	0.111
28025	0.135	0.178	0.135
28027	0.127	0.111	0.127
28029	0.076	0.099	0.076
28031	0.073	0.077	0.073
28033	0.046	0.072	0.046
28035	0.102	0.077	0.102
28037	0.091	0.09	0.091
28039	0.038	0.1	0.038
28041	0.095	0.099	0.095
28043	0.068	0.11	0.068
28045	0.031	0.075	0.031
28047	0.136	0.072	0.136
28049	0.063	0.079	0.063
28051	0.106	0.166	0.106
28053	0.059	0.102	0.059
28055	0.057	0.092	0.057
28057	0.032	0.096	0.032
28059	0.082	0.08	0.082
28061	0.1	0.102	0.1
28063	0.047	0.155	0.047
28065	0.035	0.106	0.035
28067	0.069	0.071	0.069
28069	0.068	0.103	0.068
28071	0.118	0.069	0.118
28073	0.063	0.066	0.063
28075	0.085	0.087	0.085
28077	0.067	0.102	0.067
28079	0.089	0.087	0.089
28081	0.066	0.098	0.066
28083	0.071	0.116	0.071
28085	0.137	0.088	0.137
28087	0.114	0.102	0.114
28089	0.126	0.063	0.126
28091	0.051	0.101	0.051
28093	0.087	0.112	0.087
28095	0.092	0.137	0.092
28097	0.141	0.127	0.141
28099	0.037	0.084	0.037
28101	0.044	0.079	0.044
28103	0.181	0.176	0.181
28105	0.126	0.08	0.126
28107	0.08	0.119	0.08
28109	0.078	0.083	0.078
28111	0.043	0.104	0.043
28113	0.079	0.098	0.079
28115	0.087	0.087	0.087
28117	0.058	0.115	0.058
28119	0.091	0.111	0.091
28121	0.1	0.056	0.1
28123	0.068	0.059	0.068
28125	0.078	0.09	0.078
28127	0.099	0.082	0.099
28129	0.073	0.082	0.073
28131	0.081	0.072	0.081
28133	0.123	0.118	0.123
28135	0.11	0.099	0.11
28137	0.14	0.103	0.14
28139	0.087	0.125	0.087
28141	0.07	0.101	0.07
28143	0.076	0.13	0.076
28145	0.05	0.088	0.05
28147	0.132	0.103	0.132
28149	0.076	0.091	0.076
28151	0.043	0.113	0.043
28153	0.136	0.094	0.136
28155	0.101	0.135	0.101
28157	0.093	0.101	0.093
28159	0.092	0.151	0.092
28161	0.1	0.129	0.1
28163	0.087	0.105	0.087
29001	0.07	0.065	0.07
29003	0.115	0.076	0.115
29005	0.066	0.079	0.066
29007	0.124	0.092	0.124
29009	0.093	0.081	0.093
29011	0.161	0.117	0.161
29013	0.107	0.108	0.107
29015	0.054	0.093	0.054
29017	0.065	0.088	0.065
29019	0.08	0.062	0.08
29021	0.094	0.087	0.094
29023	0.081	0.08	0.081
29025	0.055	0.086	0.055
29027	0.168	0.08	0.168
29029	0.064	0.079	0.064
29031	0.036	0.069	0.036
29033	0.133	0.098	0.133
29035	0.041	0.087	0.041
29037	0.063	0.097	0.063
29039	0.084	0.086	0.084
29041	0.096	0.105	0.096
29043	0.138	0.08	0.138
29045	0.139	0.113	0.139
29047	0.09	0.086	0.09
29049	0.082	0.087	0.082
29051	0.074	0.067	0.074
29053	0.094	0.084	0.094
29055	0.061	0.107	0.061
29057	0.095	0.101	0.095
29059	0.12	0.094	0.12
29061	0.054	0.087	0.054
29063	0.101	0.093	0.101
29065	0.144	0.094	0.144
29067	0.11	0.098	0.11
29069	0.06	0.111	0.06
29071	0.045	0.115	0.045
29073	0.093	0.108	0.093
29075	0.094	0.068	0.094
29077	0.161	0.083	0.161
29079	0.092	0.069	0.092
29081	0.047	0.078	0.047
29083	0.092	0.096	0.092
29085	0.058	0.123	0.058
29087	0.076	0.071	0.076
29089	0.086	0.083	0.086
29091	0.083	0.092	0.083
29093	0.117	0.087	0.117
29095	0.043	0.109	0.043
29097	0.065	0.084	0.065
29099	0.074	0.106	0.074
29101	0.114	0.08	0.114
29103	0.085	0.059	0.085
29105	0.139	0.11	0.139
29107	0.045	0.09	0.045
29109	0.028	0.078	0.028
29111	0.142	0.083	0.142
29113	0.069	0.113	0.069
29115	0.121	0.103	0.121
29117	0.04	0.078	0.04
29119	0.052	0.07	0.052
29121	0.038	0.079	0.038
29123	0.079	0.098	0.079
29125	0.085	0.087	0.085
29127	0.077	0.089	0.077
29129	0.107	0.079	0.107
29131	0.086	0.106	0.086
29133	0.167	0.097	0.167
29135	0.083	0.078	0.083
29137	0.069	0.11	0.069
29139	0.069	0.103	0.069
29141	0.07	0.113	0.07
29143	0.186	0.089	0.186
29145	0.133	0.079	0.133
29147	0.105	0.059	0.105
29149	0.045	0.09	0.045
29151	0.2	0.099	0.2
29153	0.192	0.076	0.192
29155	0.066	0.121	0.066
29157	0.084	0.072	0.084
29159	0.083	0.081	0.083
29161	0.041	0.071	0.041
29163	0.05	0.083	0.05
29165	0.057	0.08	0.057
29167	0.078	0.089	0.078
29169	0.118	0.068	0.118
29171	0.073	0.074	0.073
29173	0.101	0.08	0.101
29175	0.1	0.094	0.1
29177	0.118	0.083	0.118
29179	0.046	0.127	0.046
29181	0.184	0.095	0.184
29183	0.104	0.087	0.104
29185	0.106	0.103	0.106
29186	0.075	0.093	0.075
29187	0.106	0.109	0.106
29189	0.038	0.096	0.038
29195	0.112	0.079	0.112
29197	0.103	0.078	0.103
29199	0.091	0.122	0.091
29201	0.057	0.092	0.057
29203	0.078	0.096	0.078
29205	0.087	0.081	0.087
29207	0.13	0.09	0.13
29209	0.075	0.09	0.075
29211	0.096	0.064	0.096
29213	0.036	0.086	0.036
29215	0.059	0.088	0.059
29217	0.087	0.079	0.087
29219	0.093	0.112	0.093
29221	0.088	0.137	0.088
29223	0.042	0.095	0.042
29225	0.096	0.09	0.096
29227	0.076	0.084	0.076
29229	0.056	0.096	0.056
29510	0.081	0.111	0.081
30001	0.1	0.044	0.1
30003	0.061	0.102	0.061
30005	0.075	0.05	0.075
30007	0.107	0.062	0.107
30009	0.129	0.048	0.129
30011	0.083	0.039	0.083
30013	0.103	0.052	0.103
30015	0.102	0.042	0.102
30017	0.087	0.046	0.087
30019	0.114	0.042	0.114
30021	0.078	0.048	0.078
30023	0.128	0.065	0.128
30025	0.123	0.037	0.123
30027	0.039	0.047	0.039
30029	0.069	0.088	0.069
30031	0.066	0.055	0.066
30033	0.063	0.034	0.063
30035	0.096	0.072	0.096
30037	0.059	0.047	0.059
30039	0.087	0.082	0.087
30041	0.091	0.051	0.091
30043	0.07	0.058	0.07
30045	0.054	0.046	0.054
30047	0.088	0.083	0.088
30049	0.084	0.043	0.084
30051	0.053	0.047	0.053
30053	0.103	0.111	0.103
30055	0.091	0.032	0.091
30057	0.039	0.048	0.039
30059	0.045	0.078	0.045
30061	0.112	0.086	0.112
30063	0.079	0.056	0.079
30065	0.086	0.075	0.086
30067	0.048	0.061	0.048
30069	0.065	0.045	0.065
30071	0.146	0.048	0.146
30073	0.023	0.06	0.023
30075	0.085	0.04	0.085
30077	0.093	0.073	0.093
30079	0.107	0.031	0.107
30081	0.077	0.075	0.077
30083	0.074	0.046	0.074
30085	0.079	0.075	0.079
30087	0.044	0.073	0.044
30089	0.099	0.112	0.099
30091	0.042	0.043	0.042
30093	0.118	0.055	0.118
30095	0.07	0.052	0.07
30097	0.121	0.031	0.121
30099	0.083	0.04	0.083
30101	0.138	0.041	0.138
30103	0.035	0.051	0.035
30105	0.104	0.046	0.104
30107	0.103	0.043	0.103
30109	0.087	0.041	0.087
30111	0.083	0.047	0.083
31001	0.074	0.056	0.074
31003	0.116	0.036	0.116
31005	0.145	0.044	0.145
31007	0.192	0.035	0.192
31009	0.061	0.052	0.061
31011	0.042	0.039	0.042
31013	0.125	0.071	0.125
31015	0.08	0.036	0.08
31017	0.111	0.031	0.111
31019	0.074	0.035	0.074
31021	0.095	0.057	0.095
31023	0.129	0.039	0.129
31025	0.078	0.046	0.078
31027	0.104	0.032	0.104
31029	0.11	0.03	0.11
31031	0.04	0.025	0.04
31033	0.103	0.041	0.103
31035	0.068	0.043	0.068
31037	0.058	0.04	0.058
31039	0.136	0.035	0.136
31041	0.185	0.031	0.185
31043	0.082	0.055	0.082
31045	0.081	0.044	0.081
31047	0.043	0.048	0.043
31049	0.084	0.038	0.084
31051	0.106	0.037	0.106
31053	0.067	0.049	0.067
31055	0.087	0.05	0.087
31057	0.089	0.04	0.089
31059	0.202	0.044	0.202
31061	0.061	0.037	0.061
31063	0.034	0.03	0.034
31065	0.12	0.041	0.12
31067	0.037	0.059	0.037
31069	0.097	0.044	0.097
31071	0.114	0.025	0.114
31073	0.074	0.038	0.074
31075	0.075	0.031	0.075
31077	0.088	0.033	0.088
31079	0.046	0.044	0.046
31081	0.073	0.034	0.073
31083	0.112	0.036	0.112
31085	0.054	0.042	0.054
31087	0.12	0.066	0.12
31089	0.066	0.032	0.066
31091	0.087	0.04	0.087
31093	0.067	0.038	0.067
31095	0.082	0.046	0.082
31097	0.094	0.039	0.094
31099	0.037	0.038	0.037
31101	0.076	0.039	0.076
31103	0.044	0.044	0.044
31105	0.078	0.043	0.078
31107	0.071	0.036	0.071
31109	0.153	0.042	0.153
31111	0.091	0.04	0.091
31113	0.059	0.043	0.059
31115	0.081	0.032	0.081
31117	0.168	0.04	0.168
31119	0.073	0.042	0.073
31121	0.16	0.04	0.16
31123	0.059	0.041	0.059
31125	0.12	0.036	0.12
31127	0.081	0.054	0.081
31129	0.066	0.047	0.066
31131	0.081	0.05	0.081
31133	0.069	0.041	0.069
31135	0.113	0.031	0.113
31137	0.042	0.038	0.042
31139	0.058	0.036	0.058
31141	0.071	0.044	0.071
31143	0.102	0.042	0.102
31145	0.073	0.042	0.073
31147	0.064	0.057	0.064
31149	0.041	0.031	0.041
31151	0.068	0.04	0.068
31153	0.044	0.047	0.044
31155	0.127	0.045	0.127
31157	0.039	0.048	0.039
31159	0.137	0.037	0.137
31161	0.047	0.035	0.047
31163	0.107	0.03	0.107
31165	0.074	0.038	0.074
31167	0.124	0.036	0.124
31169	0.033	0.043	0.033
31171	0.083	0.038	0.083
31173	0.032	0.138	0.032
31175	0.08	0.029	0.08
31177	0.06	0.041	0.06
31179	0.081	0.038	0.081
31181	0.049	0.042	0.049
31183	0.039	0.032	0.039
31185	0.052	0.057	0.052
32001	0.045	0.099	0.045
32003	0.077	0.139	0.077
32005	0.152	0.126	0.152
32007	0.062	0.068	0.062
32009	0.062	0.083	0.062
32011	0.154	0.093	0.154
32013	0.013	0.086	0.013
32015	0.099	0.072	0.099
32017	0.119	0.094	0.119
32019	0.082	0.163	0.082
32021	0.112	0.105	0.112
32023	0.112	0.161	0.112
32027	0.094	0.106	0.094
32029	0.056	0.148	0.056
32031	0.068	0.131	0.068
32033	0.072	0.084	0.072
32510	0.183	0.128	0.183
33001	0.081	0.07	0.081
33003	0.072	0.054	0.072
33005	0.051	0.065	0.051
33007	0.067	0.078	0.067
33009	0.116	0.056	0.116
33011	0.096	0.075	0.096
33013	0.135	0.063	0.135
33015	0.109	0.075	0.109
33017	0.046	0.066	0.046
33019	0.045	0.065	0.045
34001	0.035	0.122	0.035
34003	0.078	0.084	0.078
34005	0.085	0.091	0.085
34007	0.081	0.109	0.081
34009	0.04	0.085	0.04
34011	0.076	0.126	0.076
34013	0.077	0.111	0.077
34015	0.053	0.1	0.053
34017	0.1	0.116	0.1
34019	0.101	0.069	0.101
34021	0.087	0.081	0.087
34023	0.08	0.092	0.08
34025	0.079	0.087	0.079
34027	0.041	0.076	0.041
34029	0.061	0.096	0.061
34031	0.078	0.117	0.078
34033	0.061	0.101	0.061
34035	0.041	0.079	0.041
34037	0.111	0.085	0.111
34039	0.117	0.098	0.117
34041	0.076	0.088	0.076
35001	0.072	0.075	0.072
35003	0.07	0.081	0.07
35005	0.095	0.068	0.095
35006	0.101	0.063	0.101
35007	0.06	0.08	0.06
35009	0.059	0.044	0.059
35011	0.139	0.043	0.139
35013	0.088	0.069	0.088
35015	0.062	0.06	0.062
35017	0.103	0.123	0.103
35019	0.121	0.075	0.121
35021	0.08	0.045	0.08
35023	0.032	0.076	0.032
35025	0.125	0.083	0.125
35027	0.072	0.051	0.072
35028	0.135	0.029	0.135
35029	0.037	0.134	0.037
35031	0.038	0.086	0.038
35033	0.101	0.131	0.101
35035	0.027	0.068	0.027
35037	0.09	0.059	0.09
35039	0.14	0.072	0.14
35041	0.083	0.044	0.083
35043	0.111	0.09	0.111
35045	0.074	0.083	0.074
35047	0.07	0.078	0.07
35049	0.076	0.065	0.076
35051	0.172	0.048	0.172
35053	0.086	0.05	0.086
35055	0.096	0.087	0.096
35057	0.147	0.088	0.147
35059	0.139	0.055	0.139
35061	0.092	0.085	0.092
36001	0.073	0.071	0.073
36003	0.064	0.079	0.064
36005	0.118	0.133	0.118
36007	0.13	0.085	0.13
36009	0.089	0.085	0.089
36011	0.053	0.08	0.053
36013	0.176	0.078	0.176
36015	0.091	0.089	0.091
36017	0.09	0.087	0.09
36019	0.117	0.09	0.117
36021	0.104	0.077	0.104
36023	0.121	0.085	0.121
36025	0.052	0.084	0.052
36027	0.093	0.082	0.093
36029	0.067	0.083	0.067
36031	0.084	0.078	0.084
36033	0.108	0.078	0.108
36035	0.057	0.091	0.057
36037	0.027	0.072	0.027
36039	0.079	0.084	0.079
36041	0.036	0.056	0.036
36043	0.106	0.076	0.106
36045	0.111	0.078	0.111
36047	0.125	0.11	0.125
36049	0.135	0.076	0.135
36051	0.112	0.075	0.112
36053	0.075	0.074	0.075
36055	0.08	0.083	0.08
36057	0.103	0.088	0.103
36059	0.079	0.072	0.079
36061	0.101	0.092	0.101
36063	0.109	0.088	0.109
36065	0.067	0.073	0.067
36067	0.128	0.079	0.128
36069	0.108	0.067	0.108
36071	0.107	0.082	0.107
36073	0.086	0.082	0.086
36075	0.114	0.093	0.114
36077	0.096	0.068	0.096
36079	0.038	0.07	0.038
36081	0.082	0.091	0.082
36083	0.03	0.077	0.03
36085	0.092	0.089	0.092
36087	0.064	0.074	0.064
36089	0.098	0.089	0.098
36091	0.042	0.064	0.042
36093	0.079	0.078	0.079
36095	0.039	0.076	0.039
36097	0.037	0.074	0.037
36099	0.073	0.073	0.073
36101	0.037	0.095	0.037
36103	0.064	0.075	0.064
36105	0.098	0.086	0.098
36107	0.059	0.079	0.059
36109	0.078	0.056	0.078
36111	0.191	0.081	0.191
36113	0.111	0.072	0.111
36115	0.043	0.074	0.043
36117	0.057	0.078	0.057
36119	0.083	0.074	0.083
36121	0.06	0.078	0.06
36123	0.101	0.06	0.101
37001	0.087	0.118	0.087
37003	0.132	0.136	0.132
37005	0.055	0.109	0.055
37007	0.178	0.148	0.178
37009	0.087	0.1	0.087
37011	0.095	0.079	0.095
37013	0.035	0.112	0.035
37015	0.186	0.105	0.186
37017	0.044	0.12	0.044
37019	0.183	0.105	0.183
37021	0.099	0.082	0.099
37023	0.083	0.141	0.083
37025	0.067	0.114	0.067
37027	0.048	0.152	0.048
37029	0.139	0.071	0.139
37031	0.05	0.076	0.05
37033	0.082	0.124	0.082
37035	0.062	0.136	0.062
37037	0.112	0.08	0.112
37039	0.094	0.142	0.094
37041	0.11	0.119	0.11
37043	0.163	0.108	0.163
37045	0.085	0.143	0.085
37047	0.116	0.125	0.116
37049	0.128	0.1	0.128
37051	0.078	0.091	0.078
37053	0.081	0.05	0.081
37055	0.088	0.068	0.088
37057	0.106	0.125	0.106
37059	0.113	0.121	0.113
37061	0.085	0.087	0.085
37063	0.116	0.08	0.116
37065	0.06	0.163	0.06
37067	0.089	0.095	0.089
37069	0.062	0.097	0.062
37071	0.047	0.133	0.047
37073	0.103	0.071	0.103
37075	0.085	0.134	0.085
37077	0.135	0.102	0.135
37079	0.124	0.102	0.124
37081	0.079	0.11	0.079
37083	0.091	0.131	0.091
37085	0.062	0.109	0.062
37087	0.031	0.085	0.031
37089	0.091	0.086	0.091
37091	0.103	0.094	0.103
37093	0.15	0.083	0.15
37095	0.096	0.059	0.096
37097	0.058	0.121	0.058
37099	0.034	0.078	0.034
37101	0.04	0.095	0.04
37103	0.108	0.109	0.108
37105	0.155	0.135	0.155
37107	0.058	0.114	0.058
37109	0.076	0.132	0.076
37111	0.095	0.141	0.095
37113	0.048	0.092	0.048
37115	0.079	0.093	0.079
37117	0.025	0.106	0.025
37119	0.091	0.11	0.091
37121	0.11	0.11	0.11
37123	0.06	0.133	0.06
37125	0.082	0.095	0.082
37127	0.063	0.119	0.063
37129	0.06	0.091	0.06
37131	0.047	0.107	0.047
37133	0.095	0.083	0.095
37135	0.078	0.063	0.078
37137	0.084	0.101	0.084
37139	0.068	0.091	0.068
37141	0.088	0.108	0.088
37143	0.09	0.103	0.09
37145	0.047	0.108	0.047
37147	0.149	0.1	0.149
37149	0.135	0.082	0.135
37151	0.054	0.11	0.054
37153	0.051	0.132	0.051
37155	0.113	0.115	0.113
37157	0.033	0.117	0.033
37159	0.118	0.128	0.118
37161	0.045	0.143	0.045
37163	0.09	0.083	0.09
37165	0.067	0.165	0.067
37167	0.108	0.119	0.108
37169	0.088	0.101	0.088
37171	0.076	0.118	0.076
37173	0.064	0.091	0.064
37175	0.031	0.085	0.031
37177	0.046	0.088	0.046
37179	0.153	0.1	0.153
37181	0.083	0.13	0.083
37183	0.072	0.083	0.072
37185	0.084	0.127	0.084
37187	0.099	0.117	0.099
37189	0.098	0.069	0.098
37191	0.093	0.088	0.093
37193	0.071	0.129	0.071
37195	0.14	0.119	0.14
37197	0.072	0.093	0.072
37199	0.071	0.109	0.071
38001	0.112	0.027	0.112
38003	0.112	0.034	0.112
38005	0.077	0.053	0.077
38007	0.136	0.013	0.136
38009	0.111	0.029	0.111
38011	0.187	0.027	0.187
38013	0.148	0.022	0.148
38015	0.096	0.028	0.096
38017	0.051	0.037	0.051
38019	0.086	0.025	0.086
38021	0.101	0.041	0.101
38023	0.057	0.034	0.057
38025	0.11	0.036	0.11
38027	0.111	0.038	0.111
38029	0.093	0.051	0.093
38031	0.109	0.028	0.109
38033	0.075	0.025	0.075
38035	0.178	0.035	0.178
38037	0.092	0.032	0.092
38039	0.071	0.036	0.071
38041	0.03	0.027	0.03
38043	0.055	0.034	0.055
38045	0.144	0.043	0.144
38047	0.044	0.027	0.044
38049	0.143	0.029	0.143
38051	0.11	0.031	0.11
38053	0.055	0.022	0.055
38055	0.067	0.034	0.067
38057	0.136	0.033	0.136
38059	0.094	0.03	0.094
38061	0.129	0.044	0.129
38063	0.107	0.029	0.107
38065	0.07	0.031	0.07
38067	0.139	0.051	0.139
38069	0.048	0.04	0.048
38071	0.075	0.032	0.075
38073	0.082	0.06	0.082
38075	0.085	0.033	0.085
38077	0.079	0.043	0.079
38079	0.044	0.097	0.044
38081	0.141	0.065	0.141
38083	0.087	0.037	0.087
38085	0.107	0.043	0.107
38087	0.071	0.012	0.071
38089	0.072	0.028	0.072
38091	0.075	0.021	0.075
38093	0.15	0.032	0.15
38095	0.055	0.026	0.055
38097	0.103	0.035	0.103
38099	0.102	0.045	0.102
38101	0.062	0.028	0.062
38103	0.107	0.038	0.107
38105	0.084	0.02	0.084
39001	0.043	0.138	0.043
39003	0.101	0.102	0.101
39005	0.081	0.114	0.081
39007	0.085	0.126	0.085
39009	0.049	0.086	0.049
39011	0.087	0.101	0.087
39013	0.045	0.092	0.045
39015	0.096	0.119	0.096
39017	0.13	0.091	0.13
39019	0.072	0.132	0.072
39021	0.136	0.114	0.136
39023	0.07	0.099	0.07
39025	0.104	0.094	0.104
39027	0.086	0.139	0.086
39029	0.097	0.125	0.097
39031	0.101	0.123	0.101
39033	0.07	0.132	0.07
39035	0.108	0.085	0.108
39037	0.181	0.099	0.181
39039	0.1	0.117	0.1
39041	0.087	0.067	0.087
39043	0.045	0.095	0.045
39045	0.162	0.082	0.162
39047	0.068	0.117	0.068
39049	0.119	0.082	0.119
39051	0.088	0.121	0.088
39053	0.121	0.095	0.121
39055	0.092	0.065	0.092
39057	0.099	0.094	0.099
39059	0.091	0.108	0.091
39061	0.078	0.089	0.078
39063	0.066	0.091	0.066
39065	0.105	0.112	0.105
39067	0.142	0.106	0.142
39069	0.082	0.109	0.082
39071	0.136	0.153	0.136
39073	0.187	0.104	0.187
39075	0.092	0.063	0.092
39077	0.119	0.128	0.119
39079	0.066	0.105	0.066
39081	0.13	0.127	0.13
39083	0.1	0.087	0.1
39085	0.07	0.079	0.07
39087	0.186	0.084	0.186
39089	0.084	0.089	0.084
39091	0.06	0.112	0.06
39093	0.095	0.091	0.095
39095	0.127	0.113	0.127
39097	0.113	0.085	0.113
39099	0.086	0.118	0.086
39101	0.068	0.102	0.068
39103	0.059	0.075	0.059
39105	0.128	0.152	0.128
39107	0.03	0.078	0.03
39109	0.064	0.11	0.064
39111	0.073	0.115	0.073
39113	0.096	0.11	0.096
39115	0.083	0.146	0.083
39117	0.043	0.1	0.043
39119	0.043	0.119	0.043
39121	0.07	0.14	0.07
39123	0.114	0.107	0.114
39125	0.117	0.115	0.117
39127	0.06	0.128	0.06
39129	0.134	0.103	0.134
39131	0.099	0.147	0.099
39133	0.087	0.092	0.087
39135	0.214	0.111	0.214
39137	0.124	0.09	0.124
39139	0.09	0.118	0.09
39141	0.08	0.115	0.08
39143	0.093	0.108	0.093
39145	0.036	0.121	0.036
39147	0.097	0.12	0.097
39149	0.107	0.119	0.107
39151	0.127	0.11	0.127
39153	0.05	0.096	0.05
39155	0.148	0.135	0.148
39157	0.069	0.102	0.069
39159	0.047	0.08	0.047
39161	0.206	0.132	0.206
39163	0.032	0.113	0.032
39165	0.143	0.085	0.143
39167	0.046	0.094	0.046
39169	0.104	0.089	0.104
39171	0.099	0.141	0.099
39173	0.072	0.1	0.072
39175	0.062	0.112	0.062
40001	0.079	0.076	0.079
40003	0.077	0.055	0.077
40005	0.145	0.084	0.145
40007	0.057	0.033	0.057
40009	0.057	0.059	0.057
40011	0.094	0.057	0.094
40013	0.054	0.052	0.054
40015	0.05	0.061	0.05
40017	0.081	0.055	0.081
40019	0.098	0.057	0.098
40021	0.097	0.056	0.097
40023	0.088	0.076	0.088
40025	0.053	0.035	0.053
40027	0.189	0.052	0.189
40029	0.047	0.088	0.047
40031	0.045	0.051	0.045
40033	0.192	0.04	0.192
40035	0.082	0.055	0.082
40037	0.052	0.081	0.052
40039	0.052	0.049	0.052
40041	0.079	0.06	0.079
40043	0.145	0.046	0.145
40045	0.085	0.045	0.085
40047	0.086	0.045	0.086
40049	0.137	0.059	0.137
40051	0.089	0.074	0.089
40053	0.058	0.042	0.058
40055	0.128	0.079	0.128
40057	0.082	0.069	0.082
40059	0.107	0.043	0.107
40061	0.082	0.084	0.082
40063	0.06	0.107	0.06
40065	0.064	0.048	0.064
40067	0.081	0.086	0.081
40069	0.054	0.07	0.054
40071	0.105	0.081	0.105
40073	0.064	0.043	0.064
40075	0.042	0.062	0.042
40077	0.126	0.104	0.126
40079	0.126	0.087	0.126
40081	0.062	0.067	0.062
40083	0.236	0.056	0.236
40085	0.095	0.054	0.095
40087	0.092	0.056	0.092
40089	0.08	0.116	0.08
40091	0.093	0.082	0.093
40093	0.039	0.045	0.039
40095	0.078	0.075	0.078
40097	0.062	0.081	0.062
40099	0.029	0.047	0.029
40101	0.106	0.081	0.106
40103	0.157	0.077	0.157
40105	0.069	0.093	0.069
40107	0.089	0.089	0.089
40109	0.058	0.061	0.058
40111	0.031	0.085	0.031
40113	0.149	0.074	0.149
40115	0.127	0.062	0.127
40117	0.059	0.082	0.059
40119	0.122	0.063	0.122
40121	0.1	0.065	0.1
40123	0.122	0.051	0.122
40125	0.102	0.065	0.102
40127	0.16	0.089	0.16
40129	0.073	0.045	0.073
40131	0.066	0.072	0.066
40133	0.107	0.092	0.107
40135	0.107	0.087	0.107
40137	0.159	0.084	0.159
40139	0.103	0.038	0.103
40141	0.191	0.056	0.191
40143	0.035	0.068	0.035
40145	0.1	0.066	0.1
40147	0.066	0.059	0.066
40149	0.153	0.063	0.153
40151	0.085	0.042	0.085
40153	0.059	0.065	0.059
41001	0.074	0.085	0.074
41003	0.118	0.075	0.118
41005	0.183	0.104	0.183
41007	0.087	0.082	0.087
41009	0.042	0.126	0.042
41011	0.078	0.117	0.078
41013	0.094	0.161	0.094
41015	0.083	0.112	0.083
41017	0.078	0.135	0.078
41019	0.057	0.14	0.057
41021	0.052	0.056	0.052
41023	0.086	0.099	0.086
41025	0.093	0.15	0.093
41027	0.114	0.066	0.114
41029	0.099	0.115	0.099
41031	0.087	0.129	0.087
41033	0.108	0.133	0.108
41035	0.118	0.12	0.118
41037	0.067	0.101	0.067
41039	0.061	0.115	0.061
41041	0.068	0.094	0.068
41043	0.163	0.136	0.163
41045	0.117	0.093	0.117
41047	0.219	0.103	0.219
41049	0.109	0.074	0.109
41051	0.118	0.109	0.118
41053	0.028	0.093	0.028
41055	0.091	0.076	0.091
41057	0.064	0.082	0.064
41059	0.108	0.078	0.108
41061	0.078	0.102	0.078
41063	0.083	0.087	0.083
41065	0.082	0.08	0.082
41067	0.109	0.096	0.109
41069	0.051	0.067	0.051
41071	0.035	0.11	0.035
42001	0.121	0.074	0.121
42003	0.118	0.072	0.118
42005	0.108	0.08	0.108
42007	0.164	0.084	0.164
42009	0.044	0.109	0.044
42011	0.087	0.091	0.087
42013	0.124	0.074	0.124
42015	0.06	0.076	0.06
42017	0.058	0.073	0.058
42019	0.109	0.071	0.109
42021	0.06	0.088	0.06
42023	0.111	0.167	0.111
42025	0.061	0.1	0.061
42027	0.117	0.056	0.117
42029	0.071	0.063	0.071
42031	0.097	0.083	0.097
42033	0.164	0.098	0.164
42035	0.038	0.082	0.038
42037	0.105	0.082	0.105
42039	0.058	0.101	0.058
42041	0.104	0.068	0.104
42043	0.044	0.081	0.044
42045	0.032	0.079	0.032
42047	0.054	0.129	0.054
42049	0.073	0.092	0.073
42051	0.104	0.091	0.104
42053	0.069	0.102	0.069
42055	0.03	0.086	0.03
42057	0.135	0.143	0.135
42059	0.048	0.078	0.048
42061	0.107	0.102	0.107
42063	0.141	0.078	0.141
42065	0.127	0.095	0.127
42067	0.088	0.076	0.088
42069	0.089	0.083	0.089
42071	0.081	0.075	0.081
42073	0.09	0.089	0.09
42075	0.057	0.07	0.057
42077	0.139	0.093	0.139
42079	0.08	0.092	0.08
42081	0.108	0.093	0.108
42083	0.087	0.1	0.087
42085	0.036	0.113	0.036
42087	0.088	0.104	0.088
42089	0.094	0.09	0.094
42091	0.133	0.07	0.133
42093	0.182	0.059	0.182
42095	0.04	0.088	0.04
42097	0.112	0.094	0.112
42099	0.189	0.081	0.189
42101	0.08	0.11	0.08
42103	0.108	0.086	0.108
42105	0.063	0.103	0.063
42107	0.025	0.101	0.025
42109	0.103	0.086	0.103
42111	0.09	0.085	0.09
42113	0.039	0.079	0.039
42115	0.051	0.078	0.051
42117	0.127	0.078	0.127
42119	0.084	0.088	0.084
42121	0.091	0.087	0.091
42123	0.044	0.073	0.044
42125	0.064	0.079	0.064
42127	0.082	0.066	0.082
42129	0.131	0.078	0.131
42131	0.128	0.069	0.128
42133	0.178	0.084	0.178
44001	0.044	0.111	0.044
44003	0.175	0.119	0.175
44005	0.156	0.1	0.156
44007	0.107	0.135	0.107
44009	0.07	0.092	0.07
45001	0.09	0.148	0.09
45003	0.071	0.094	0.071
45005	0.051	0.225	0.051
45007	0.084	0.125	0.084
45009	0.067	0.181	0.067
45011	0.113	0.19	0.113
45013	0.067	0.087	0.067
45015	0.098	0.107	0.098
45017	0.095	0.144	0.095
45019	0.061	0.09	0.061
45021	0.128	0.162	0.128
45023	0.137	0.211	0.137
45025	0.066	0.168	0.066
45027	0.066	0.161	0.066
45029	0.051	0.142	0.051
45031	0.11	0.13	0.11
45033	0.035	0.172	0.035
45035	0.081	0.103	0.081
45037	0.048	0.107	0.048
45039	0.049	0.129	0.049
45041	0.081	0.117	0.081
45043	0.098	0.125	0.098
45045	0.078	0.102	0.078
45047	0.196	0.137	0.196
45049	0.124	0.161	0.124
45051	0.123	0.109	0.123
45053	0.113	0.107	0.113
45055	0.074	0.104	0.074
45057	0.08	0.179	0.08
45059	0.049	0.117	0.049
45061	0.055	0.157	0.055
45063	0.086	0.083	0.086
45065	0.087	0.157	0.087
45067	0.084	0.21	0.084
45069	0.057	0.202	0.057
45071	0.108	0.117	0.108
45073	0.118	0.142	0.118
45075	0.038	0.187	0.038
45077	0.13	0.106	0.13
45079	0.108	0.095	0.108
45081	0.108	0.094	0.108
45083	0.085	0.122	0.085
45085	0.031	0.139	0.031
45087	0.105	0.206	0.105
45089	0.116	0.154	0.116
45091	0.085	0.141	0.085
46003	0.103	0.04	0.103
46005	0.073	0.03	0.073
46007	0.047	0.06	0.047
46009	0.088	0.049	0.088
46011	0.118	0.032	0.118
46013	0.17	0.031	0.17
46015	0.047	0.027	0.047
46017	0.052	0.172	0.052
46019	0.137	0.039	0.137
46021	0.091	0.045	0.091
46023	0.134	0.048	0.134
46025	0.068	0.047	0.068
46027	0.155	0.037	0.155
46029	0.064	0.058	0.064
46031	0.075	0.056	0.075
46033	0.073	0.03	0.073
46035	0.02	0.043	0.02
46037	0.147	0.053	0.147
46039	0.101	0.048	0.101
46041	0.059	0.104	0.059
46043	0.077	0.031	0.077
46045	0.097	0.027	0.097
46047	0.058	0.049	0.058
46049	0.059	0.031	0.059
46051	0.116	0.035	0.116
46053	0.058	0.031	0.058
46055	0.062	0.036	0.062
46057	0.067	0.051	0.067
46059	0.072	0.028	0.072
46061	0.098	0.03	0.098
46063	0.036	0.023	0.036
46065	0.082	0.027	0.082
46067	0.071	0.039	0.071
46069	0.093	0.036	0.093
46071	0.068	0.062	0.068
46073	0.069	0.026	0.069
46075	0.091	0.024	0.091
46077	0.108	0.051	0.108
46079	0.131	0.058	0.131
46081	0.057	0.038	0.057
46083	0.086	0.039	0.086
46085	0.061	0.057	0.061
46087	0.022	0.045	0.022
46089	0.119	0.05	0.119
46091	0.089	0.047	0.089
46093	0.031	0.04	0.031
46095	0.177	0.068	0.177
46097	0.129	0.057	0.129
46099	0.081	0.047	0.081
46101	0.077	0.061	0.077
46103	0.152	0.044	0.152
46105	0.142	0.039	0.142
46107	0.072	0.032	0.072
46109	0.113	0.048	0.113
46111	0.03	0.038	0.03
46113	0.044	0.126	0.044
46115	0.087	0.034	0.087
46117	0.057	0.021	0.057
46119	0.086	0.024	0.086
46121	0.089	0.084	0.089
46123	0.117	0.029	0.117
46125	0.066	0.044	0.066
46127	0.09	0.053	0.09
46129	0.12	0.04	0.12
46135	0.047	0.053	0.047
46137	0.119	0.078	0.119
47001	0.08	0.097	0.08
47003	0.09	0.121	0.09
47005	0.082	0.128	0.082
47007	0.055	0.137	0.055
47009	0.111	0.093	0.111
47011	0.027	0.093	0.027
47013	0.043	0.131	0.043
47015	0.096	0.108	0.096
47017	0.108	0.164	0.108
47019	0.212	0.098	0.212
47021	0.056	0.094	0.056
47023	0.116	0.115	0.116
47025	0.146	0.111	0.146
47027	0.042	0.126	0.042
47029	0.227	0.122	0.227
47031	0.112	0.102	0.112
47033	0.082	0.134	0.082
47035	0.082	0.108	0.082
47037	0.09	0.092	0.09
47039	0.146	0.142	0.146
47041	0.059	0.102	0.059
47043	0.074	0.098	0.074
47045	0.088	0.14	0.088
47047	0.172	0.108	0.172
47049	0.071	0.13	0.071
47051	0.08	0.104	0.08
47053	0.092	0.157	0.092
47055	0.038	0.14	0.038
47057	0.042	0.135	0.042
47059	0.071	0.143	0.071
47061	0.092	0.13	0.092
47063	0.089	0.125	0.089
47065	0.191	0.087	0.191
47067	0.109	0.183	0.109
47069	0.062	0.127	0.062
47071	0.081	0.111	0.081
47073	0.106	0.103	0.106
47075	0.102	0.18	0.102
47077	0.068	0.181	0.068
47079	0.115	0.131	0.115
47081	0.09	0.124	0.09
47083	0.054	0.116	0.054
47085	0.113	0.119	0.113
47087	0.056	0.127	0.056
47089	0.079	0.118	0.079
47091	0.127	0.122	0.127
47093	0.086	0.081	0.086
47095	0.135	0.107	0.135
47097	0.097	0.189	0.097
47099	0.051	0.146	0.051
47101	0.029	0.149	0.029
47103	0.084	0.069	0.084
47105	0.067	0.095	0.067
47107	0.108	0.13	0.108
47109	0.122	0.127	0.122
47111	0.09	0.112	0.09
47113	0.067	0.11	0.067
47115	0.088	0.121	0.088
47117	0.137	0.163	0.137
47119	0.1	0.119	0.1
47121	0.143	0.136	0.143
47123	0.076	0.161	0.076
47125	0.053	0.09	0.053
47127	0.162	0.097	0.162
47129	0.012	0.116	0.012
47131	0.116	0.104	0.116
47133	0.082	0.12	0.082
47135	0.078	0.176	0.078
47137	0.101	0.134	0.101
47139	0.104	0.114	0.104
47141	0.1	0.097	0.1
47143	0.178	0.127	0.178
47145	0.07	0.089	0.07
47147	0.094	0.101	0.094
47149	0.123	0.095	0.123
47151	0.074	0.184	0.074
47153	0.111	0.128	0.111
47155	0.06	0.092	0.06
47157	0.078	0.102	0.078
47159	0.105	0.128	0.105
47161	0.043	0.111	0.043
47163	0.104	0.088	0.104
47165	0.075	0.097	0.075
47167	0.07	0.116	0.07
47169	0.075	0.12	0.075
47171	0.065	0.103	0.065
47173	0.081	0.107	0.081
47175	0.081	0.142	0.081
47177	0.041	0.125	0.041
47179	0.135	0.086	0.135
47181	0.133	0.129	0.133
47183	0.09	0.13	0.09
47185	0.106	0.135	0.106
47187	0.1	0.075	0.1
47189	0.062	0.09	0.062
48001	0.066	0.094	0.066
48003	0.215	0.076	0.215
48005	0.082	0.089	0.082
48007	0.088	0.073	0.088
48009	0.086	0.065	0.086
48011	0.101	0.051	0.101
48013	0.09	0.079	0.09
48015	0.167	0.084	0.167
48017	0.081	0.052	0.081
48019	0.242	0.068	0.242
48021	0.054	0.08	0.054
48023	0.072	0.051	0.072
48025	0.031	0.103	0.031
48027	0.092	0.071	0.092
48029	0.134	0.072	0.134
48031	0.063	0.058	0.063
48033	0.081	0.062	0.081
48035	0.06	0.086	0.06
48037	0.073	0.078	0.073
48039	0.037	0.089	0.037
48041	0.07	0.062	0.07
48043	0.041	0.051	0.041
48045	0.074	0.059	0.074
48047	0.099	0.099	0.099
48049	0.082	0.072	0.082
48051	0.083	0.074	0.083
48053	0.056	0.063	0.056
48055	0.133	0.082	0.133
48057	0.091	0.095	0.091
48059	0.158	0.063	0.158
48061	0.127	0.108	0.127
48063	0.147	0.096	0.147
48065	0.088	0.067	0.088
48067	0.052	0.125	0.052
48069	0.061	0.053	0.061
48071	0.107	0.107	0.107
48073	0.13	0.097	0.13
48075	0.031	0.064	0.031
48077	0.096	0.074	0.096
48079	0.065	0.072	0.065
48081	0.097	0.086	0.097
48083	0.104	0.069	0.104
48085	0.072	0.078	0.072
48087	0.128	0.059	0.128
48089	0.071	0.066	0.071
48091	0.116	0.066	0.116
48093	0.067	0.061	0.067
48095	0.033	0.082	0.033
48097	0.086	0.065	0.086
48099	0.049	0.087	0.049
48101	0.078	0.056	0.078
48103	0.105	0.095	0.105
48105	0.105	0.097	0.105
48107	0.105	0.07	0.105
48109	0.076	0.045	0.076
48111	0.11	0.044	0.11
48113	0.096	0.087	0.096
48115	0.085	0.087	0.085
48117	0.147	0.058	0.147
48119	0.149	0.084	0.149
48121	0.11	0.077	0.11
48123	0.084	0.083	0.084
48125	0.176	0.06	0.176
48127	0.078	0.11	0.078
48129	0.112	0.07	0.112
48131	0.208	0.125	0.208
48133	0.056	0.084	0.056
48135	0.072	0.092	0.072
48137	0.136	0.067	0.136
48139	0.127	0.086	0.127
48141	0.055	0.098	0.055
48143	0.069	0.071	0.069
48145	0.036	0.095	0.036
48147	0.07	0.09	0.07
48149	0.05	0.057	0.05
48151	0.081	0.064	0.081
48153	0.055	0.069	0.055
48155	0.12	0.057	0.12
48157	0.089	0.083	0.089
48159	0.067	0.073	0.067
48161	0.037	0.067	0.037
48163	0.096	0.084	0.096
48165	0.085	0.068	0.085
48167	0.091	0.085	0.091
48169	0.07	0.057	0.07
48171	0.076	0.049	0.076
48173	0.07	0.052	0.07
48175	0.08	0.079	0.08
48177	0.054	0.061	0.054
48179	0.1	0.089	0.1
48181	0.062	0.087	0.062
48183	0.037	0.08	0.037
48185	0.171	0.1	0.171
48187	0.114	0.067	0.114
48189	0.062	0.064	0.062
48191	0.047	0.089	0.047
48193	0.102	0.06	0.102
48195	0.091	0.055	0.091
48197	0.074	0.072	0.074
48199	0.127	0.101	0.127
48201	0.158	0.085	0.158
48203	0.1	0.087	0.1
48205	0.136	0.043	0.136
48207	0.063	0.052	0.063
48209	0.091	0.068	0.091
48211	0.03	0.03	0.03
48213	0.148	0.085	0.148
48215	0.064	0.116	0.064
48217	0.092	0.085	0.092
48219	0.078	0.07	0.078
48221	0.041	0.076	0.041
48223	0.107	0.065	0.107
48225	0.093	0.103	0.093
48227	0.069	0.075	0.069
48229	0.083	0.065	0.083
48231	0.103	0.085	0.103
48233	0.04	0.08	0.04
48235	0.094	0.054	0.094
48237	0.11	0.064	0.11
48239	0.111	0.076	0.111
48241	0.143	0.119	0.143
48243	0.082	0.056	0.082
48245	0.034	0.108	0.034
48247	0.031	0.1	0.031
48249	0.091	0.1	0.091
48251	0.063	0.091	0.063
48253	0.047	0.082	0.047
48255	0.078	0.105	0.078
48257	0.211	0.088	0.211
48259	0.045	0.06	0.045
48261	0.094	0.061	0.094
48263	0.068	0.062	0.068
48265	0.074	0.06	0.074
48267	0.142	0.054	0.142
48269	0.05	0.054	0.05
48271	0.052	0.089	0.052
48273	0.092	0.077	0.092
48275	0.041	0.064	0.041
48277	0.051	0.078	0.051
48279	0.086	0.066	0.086
48281	0.089	0.061	0.089
48283	0.115	0.099	0.115
48285	0.045	0.064	0.045
48287	0.065	0.069	0.065
48289	0.085	0.079	0.085
48291	0.075	0.112	0.075
48293	0.105	0.072	0.105
48295	0.064	0.061	0.064
48297	0.06	0.076	0.06
48299	0.057	0.073	0.057
48301	0.081	0.115	0.081
48303	0.124	0.057	0.124
48305	0.059	0.068	0.059
48307	0.118	0.091	0.118
48309	0.048	0.071	0.048
48311	0.078	0.078	0.078
48313	0.083	0.087	0.083
48315	0.081	0.118	0.081
48317	0.043	0.05	0.043
48319	0.105	0.054	0.105
48321	0.126	0.112	0.126
48323	0.166	0.136	0.166
48325	0.052	0.071	0.052
48327	0.101	0.09	0.101
48329	0.216	0.062	0.216
48331	0.081	0.102	0.081
48333	0.111	0.06	0.111
48335	0.073	0.087	0.073
48337	0.087	0.078	0.087
48339	0.069	0.079	0.069
48341	0.078	0.053	0.078
48343	0.114	0.156	0.114
48345	0.086	0.053	0.086
48347	0.067	0.07	0.067
48349	0.142	0.084	0.142
48351	0.111	0.124	0.111
48353	0.08	0.064	0.08
48355	0.047	0.077	0.047
48357	0.09	0.063	0.09
48359	0.107	0.055	0.107
48361	0.102	0.111	0.102
48363	0.095	0.091	0.095
48365	0.067	0.075	0.067
48367	0.15	0.084	0.15
48369	0.036	0.048	0.036
48371	0.037	0.117	0.037
48373	0.109	0.103	0.109
48375	0.059	0.066	0.059
48377	0.087	0.178	0.087
48379	0.109	0.085	0.109
48381	0.062	0.051	0.062
48383	0.09	0.058	0.09
48385	0.04	0.061	0.04
48387	0.056	0.105	0.056
48389	0.064	0.14	0.064
48391	0.125	0.07	0.125
48393	0.079	0.062	0.079
48395	0.063	0.087	0.063
48397	0.091	0.078	0.091
48399	0.114	0.101	0.114
48401	0.112	0.091	0.112
48403	0.051	0.159	0.051
48405	0.075	0.108	0.075
48407	0.062	0.1	0.062
48409	0.127	0.098	0.127
48411	0.116	0.078	0.116
48413	0.134	0.111	0.134
48415	0.104	0.072	0.104
48417	0.103	0.043	0.103
48419	0.06	0.081	0.06
48421	0.06	0.049	0.06
48423	0.072	0.083	0.072
48425	0.053	0.073	0.053
48427	0.082	0.178	0.082
48429	0.138	0.069	0.138
48431	0.125	0.046	0.125
48433	0.103	0.048	0.103
48435	0.097	0.078	0.097
48437	0.084	0.067	0.084
48439	0.066	0.082	0.066
48441	0.078	0.061	0.078
48443	0.053	0.078	0.053
48445	0.196	0.077	0.196
48447	0.072	0.056	0.072
48449	0.073	0.077	0.073
48451	0.078	0.07	0.078
48453	0.111	0.07	0.111
48455	0.077	0.088	0.077
48457	0.116	0.105	0.116
48459	0.056	0.081	0.056
48461	0.12	0.056	0.12
48463	0.055	0.089	0.055
48465	0.112	0.096	0.112
48467	0.087	0.074	0.087
48469	0.048	0.079	0.048
48471	0.122	0.078	0.122
48473	0.089	0.09	0.089
48475	0.077	0.085	0.077
48477	0.051	0.069	0.051
48479	0.06	0.091	0.06
48481	0.087	0.079	0.087
48483	0.172	0.056	0.172
48485	0.071	0.081	0.071
48487	0.104	0.055	0.104
48489	0.075	0.139	0.075
48491	0.127	0.078	0.127
48493	0.031	0.069	0.031
48495	0.114	0.09	0.114
48497	0.115	0.096	0.115
48499	0.211	0.084	0.211
48501	0.094	0.071	0.094
48503	0.061	0.064	0.061
48505	0.077	0.126	0.077
48507	0.072	0.163	0.072
49001	0.122	0.042	0.122
49003	0.122	0.056	0.122
49005	0.128	0.042	0.128
49007	0.122	0.065	0.122
49009	0.098	0.027	0.098
49011	0.168	0.056	0.168
49013	0.091	0.069	0.091
49015	0.103	0.062	0.103
49017	0.088	0.049	0.088
49019	0.056	0.052	0.056
49021	0.097	0.063	0.097
49023	0.06	0.068	0.06
49025	0.091	0.044	0.091
49027	0.064	0.04	0.064
49029	0.038	0.053	0.038
49031	0.084	0.038	0.084
49033	0.065	0.028	0.065
49035	0.084	0.06	0.084
49037	0.07	0.086	0.07
49039	0.05	0.056	0.05
49041	0.104	0.057	0.104
49043	0.101	0.058	0.101
49045	0.109	0.064	0.109
49047	0.19	0.066	0.19
49049	0.117	0.054	0.117
49051	0.08	0.06	0.08
49053	0.073	0.078	0.073
49055	0.068	0.042	0.068
49057	0.078	0.07	0.078
50001	0.063	0.058	0.063
50003	0.043	0.068	0.043
50005	0.105	0.07	0.105
50007	0.068	0.057	0.068
50009	0.077	0.078	0.077
50011	0.057	0.062	0.057
50013	0.08	0.07	0.08
50015	0.028	0.066	0.028
50017	0.045	0.055	0.045
50019	0.086	0.083	0.086
50021	0.277	0.087	0.277
50023	0.082	0.061	0.082
50025	0.125	0.063	0.125
50027	0.088	0.058	0.088
51001	0.078	0.061	0.078
51003	0.07	0.05	0.07
51005	0.078	0.087	0.078
51007	0.049	0.07	0.049
51009	0.101	0.07	0.101
51011	0.075	0.067	0.075
51013	0.044	0.042	0.044
51015	0.031	0.058	0.031
51017	0.08	0.054	0.08
51019	0.088	0.062	0.088
51021	0.078	0.075	0.078
51023	0.079	0.062	0.079
51025	0.088	0.114	0.088
51027	0.032	0.088	0.032
51029	0.068	0.078	0.068
51031	0.08	0.066	0.08
51033	0.113	0.082	0.113
51035	0.085	0.113	0.085
51036	0.034	0.087	0.034
51037	0.082	0.091	0.082
51041	0.103	0.068	0.103
51043	0.121	0.061	0.121
51045	0.069	0.072	0.069
51047	0.079	0.075	0.079
51049	0.079	0.07	0.079
51051	0.104	0.083	0.104
51053	0.04	0.083	0.04
51057	0.116	0.077	0.116
51059	0.041	0.047	0.041
51061	0.138	0.05	0.138
51063	0.103	0.071	0.103
51065	0.071	0.058	0.071
51067	0.115	0.078	0.115
51069	0.043	0.073	0.043
51071	0.058	0.085	0.058
51073	0.04	0.055	0.04
51075	0.136	0.067	0.136
51077	0.118	0.104	0.118
51079	0.081	0.058	0.081
51081	0.084	0.091	0.084
51083	0.078	0.115	0.078
51085	0.089	0.066	0.089
51087	0.107	0.072	0.107
51089	0.084	0.134	0.084
51091	0.139	0.059	0.139
51093	0.099	0.063	0.099
51095	0.056	0.046	0.056
51097	0.049	0.075	0.049
51099	0.062	0.075	0.062
51101	0.084	0.064	0.084
51103	0.091	0.073	0.091
51105	0.074	0.071	0.074
51107	0.107	0.047	0.107
51109	0.103	0.081	0.103
51111	0.084	0.091	0.084
51113	0.09	0.06	0.09
51115	0.057	0.048	0.057
51117	0.063	0.105	0.063
51119	0.039	0.064	0.039
51121	0.091	0.063	0.091
51125	0.083	0.062	0.083
51127	0.055	0.069	0.055
51131	0.065	0.066	0.065
51133	0.091	0.065	0.091
51135	0.05	0.079	0.05
51137	0.042	0.076	0.042
51139	0.113	0.098	0.113
51141	0.072	0.099	0.072
51143	0.096	0.103	0.096
51145	0.073	0.06	0.073
51147	0.127	0.084	0.127
51149	0.084	0.073	0.084
51153	0.241	0.053	0.241
51155	0.107	0.108	0.107
51157	0.099	0.056	0.099
51159	0.104	0.072	0.104
51161	0.076	0.059	0.076
51163	0.101	0.056	0.101
51165	0.127	0.053	0.127
51167	0.056	0.096	0.056
51169	0.055	0.099	0.055
51171	0.088	0.076	0.088
51173	0.086	0.102	0.086
51175	0.151	0.077	0.151
51177	0.131	0.051	0.131
51179	0.148	0.051	0.148
51181	0.092	0.073	0.092
51183	0.076	0.095	0.076
51185	0.126	0.079	0.126
51187	0.095	0.066	0.095
51191	0.112	0.082	0.112
51193	0.088	0.071	0.088
51195	0.077	0.067	0.077
51197	0.049	0.097	0.049
51199	0.06	0.05	0.06
51510	0.084	0.048	0.084
51515	0.026	0.089	0.026
51520	0.112	0.099	0.112
51530	0.092	0.087	0.092
51540	0.125	0.062	0.125
51550	0.055	0.064	0.055
51570	0.038	0.082	0.038
51580	0.089	0.091	0.089
51590	0.105	0.13	0.105
51595	0.198	0.118	0.198
51600	0.102	0.054	0.102
51610	0.101	0.073	0.101
51620	0.15	0.107	0.15
51630	0.075	0.091	0.075
51640	0.1	0.103	0.1
51650	0.054	0.077	0.054
51660	0.09	0.064	0.09
51670	0.073	0.104	0.073
51678	0.042	0.092	0.042
51680	0.05	0.077	0.05
51683	0.078	0.068	0.078
51685	0.061	0.054	0.061
51690	0.09	0.2	0.09
51700	0.058	0.073	0.058
51710	0.06	0.084	0.06
51720	0.086	0.055	0.086
51730	0.039	0.138	0.039
51735	0.066	0.05	0.066
51740	0.103	0.084	0.103
51750	0.08	0.085	0.08
51760	0.073	0.1	0.073
51770	0.095	0.086	0.095
51775	0.088	0.063	0.088
51790	0.085	0.073	0.085
51800	0.059	0.066	0.059
51810	0.079	0.059	0.079
51820	0.091	0.082	0.091
51830	0.099	0.135	0.099
51840	0.138	0.079	0.138
53001	0.077	0.065	0.077
53003	0.078	0.081	0.078
53005	0.119	0.058	0.119
53007	0.056	0.065	0.056
53009	0.156	0.085	0.156
53011	0.068	0.127	0.068
53013	0.069	0.084	0.069
53015	0.084	0.128	0.084
53017	0.084	0.066	0.084
53019	0.121	0.113	0.121
53021	0.058	0.062	0.058
53023	0.064	0.053	0.064
53025	0.175	0.073	0.175
53027	0.098	0.117	0.098
53029	0.114	0.081	0.114
53031	0.052	0.074	0.052
53033	0.063	0.088	0.063
53035	0.195	0.071	0.195
53037	0.077	0.073	0.077
53039	0.069	0.081	0.069
53041	0.068	0.12	0.068
53043	0.121	0.074	0.121
53045	0.077	0.094	0.077
53047	0.068	0.074	0.068
53049	0.039	0.107	0.039
53051	0.132	0.121	0.132
53053	0.083	0.088	0.083
53055	0.066	0.047	0.066
53057	0.021	0.091	0.021
53059	0.107	0.094	0.107
53061	0.065	0.101	0.065
53063	0.073	0.083	0.073
53065	0.07	0.105	0.07
53067	0.059	0.071	0.059
53069	0.103	0.114	0.103
53071	0.152	0.055	0.152
53073	0.098	0.078	0.098
53075	0.125	0.047	0.125
53077	0.083	0.068	0.083
54001	0.137	0.092	0.137
54003	0.101	0.085	0.101
54005	0.036	0.094	0.036
54007	0.099	0.08	0.099
54009	0.106	0.111	0.106
54011	0.096	0.066	0.096
54013	0.125	0.121	0.125
54015	0.064	0.119	0.064
54017	0.056	0.074	0.056
54019	0.078	0.086	0.078
54021	0.052	0.065	0.052
54023	0.065	0.112	0.065
54025	0.082	0.083	0.082
54027	0.067	0.078	0.067
54029	0.093	0.118	0.093
54031	0.053	0.097	0.053
54033	0.05	0.071	0.05
54035	0.182	0.129	0.182
54037	0.102	0.066	0.102
54039	0.027	0.071	0.027
54041	0.083	0.075	0.083
54043	0.11	0.106	0.11
54045	0.148	0.098	0.148
54047	0.231	0.127	0.231
54049	0.121	0.065	0.121
54051	0.067	0.087	0.067
54053	0.072	0.121	0.072
54055	0.058	0.069	0.058
54057	0.091	0.079	0.091
54059	0.041	0.107	0.041
54061	0.09	0.046	0.09
54063	0.043	0.065	0.043
54065	0.1	0.091	0.1
54067	0.179	0.091	0.179
54069	0.108	0.078	0.108
54071	0.128	0.075	0.128
54073	0.071	0.102	0.071
54075	0.067	0.113	0.067
54077	0.049	0.07	0.049
54079	0.121	0.063	0.121
54081	0.1	0.08	0.1
54083	0.056	0.085	0.056
54085	0.178	0.088	0.178
54087	0.119	0.13	0.119
54089	0.106	0.078	0.106
54091	0.038	0.079	0.038
54093	0.083	0.109	0.083
54095	0.177	0.108	0.177
54097	0.095	0.089	0.095
54099	0.132	0.077	0.132
54101	0.075	0.104	0.075
54103	0.075	0.123	0.075
54105	0.199	0.114	0.199
54107	0.104	0.088	0.104
54109	0.073	0.115	0.073
55001	0.085	0.083	0.085
55003	0.127	0.083	0.127
55005	0.073	0.071	0.073
55007	0.082	0.062	0.082
55009	0.094	0.071	0.094
55011	0.086	0.057	0.086
55013	0.062	0.091	0.062
55015	0.122	0.067	0.122
55017	0.119	0.066	0.119
55019	0.083	0.076	0.083
55021	0.107	0.071	0.107
55023	0.217	0.081	0.217
55025	0.147	0.054	0.147
55027	0.076	0.084	0.076
55029	0.084	0.066	0.084
55031	0.131	0.065	0.131
55033	0.106	0.058	0.106
55035	0.13	0.06	0.13
55037	0.08	0.081	0.08
55039	0.093	0.078	0.093
55041	0.105	0.081	0.105
55043	0.059	0.061	0.059
55045	0.106	0.078	0.106
55047	0.086	0.075	0.086
55049	0.181	0.062	0.181
55051	0.143	0.094	0.143
55053	0.108	0.072	0.108
55055	0.162	0.08	0.162
55057	0.042	0.085	0.042
55059	0.088	0.098	0.088
55061	0.07	0.073	0.07
55063	0.093	0.059	0.093
55065	0.055	0.06	0.055
55067	0.082	0.085	0.082
55069	0.024	0.096	0.024
55071	0.075	0.085	0.075
55073	0.098	0.077	0.098
55075	0.036	0.102	0.036
55077	0.165	0.083	0.165
55078	0.047	0.127	0.047
55079	0.053	0.093	0.053
55081	0.066	0.064	0.066
55083	0.105	0.091	0.105
55085	0.051	0.074	0.051
55087	0.11	0.075	0.11
55089	0.258	0.072	0.258
55091	0.199	0.054	0.199
55093	0.116	0.061	0.116
55095	0.04	0.084	0.04
55097	0.063	0.058	0.063
55099	0.07	0.094	0.07
55101	0.125	0.093	0.125
55103	0.064	0.075	0.064
55105	0.054	0.111	0.054
55107	0.226	0.101	0.226
55109	0.058	0.068	0.058
55111	0.085	0.07	0.085
55113	0.077	0.071	0.077
55115	0.043	0.082	0.043
55117	0.051	0.083	0.051
55119	0.11	0.096	0.11
55121	0.054	0.064	0.054
55123	0.098	0.066	0.098
55125	0.117	0.071	0.117
55127	0.078	0.077	0.078
55129	0.069	0.078	0.069
55131	0.053	0.081	0.053
55133	0.143	0.072	0.143
55135	0.075	0.082	0.075
55137	0.113	0.082	0.113
55139	0.178	0.07	0.178
55141	0.045	0.074	0.045
56001	0.071	0.036	0.071
56003	0.048	0.082	0.048
56005	0.065	0.057	0.065
56007	0.152	0.068	0.152
56009	0.068	0.059	0.068
56011	0.256	0.049	0.256
56013	0.071	0.074	0.071
56015	0.09	0.053	0.09
56017	0.047	0.058	0.047
56019	0.051	0.067	0.051
56021	0.089	0.063	0.089
56023	0.095	0.065	0.095
56025	0.032	0.073	0.032
56027	0.069	0.045	0.069
56029	0.113	0.051	0.113
56031	0.096	0.062	0.096
56033	0.111	0.066	0.111
56035	0.091	0.045	0.091
56037	0.096	0.074	0.096
56039	0.059	0.052	0.059
56041	0.067	0.072	0.067
56043	0.046	0.059	0.046
56045	0.041	0.059	0.041
72001	0.028	0.217	0.028
72003	0.076	0.179	0.076
72005	0.059	0.178	0.059
72007	0.068	0.182	0.068
72009	0.179	0.192	0.179
72011	0.065	0.183	0.065
72013	0.125	0.167	0.125
72015	0.082	0.227	0.082
72017	0.107	0.201	0.107
72019	0.064	0.196	0.064
72021	0.075	0.136	0.075
72023	0.092	0.135	0.092
72025	0.061	0.158	0.061
72027	0.033	0.156	0.033
72029	0.09	0.212	0.09
72031	0.301	0.133	0.301
72033	0.118	0.183	0.118
72035	0.075	0.181	0.075
72037	0.079	0.176	0.079
72039	0.111	0.236	0.111
72041	0.099	0.173	0.099
72043	0.07	0.231	0.07
72045	0.044	0.234	0.044
72047	0.081	0.177	0.081
72049	0.161	0.116	0.161
72051	0.078	0.152	0.078
72053	0.1	0.178	0.1
72054	0.108	0.215	0.108
72055	0.074	0.199	0.074
72057	0.225	0.22	0.225
72059	0.082	0.226	0.082
72061	0.04	0.106	0.04
72063	0.179	0.163	0.179
72065	0.106	0.165	0.106
72067	0.075	0.164	0.075
72069	0.154	0.208	0.154
72071	0.058	0.191	0.058
72073	0.13	0.219	0.13
72075	0.119	0.186	0.119
72077	0.065	0.191	0.065
72079	0.053	0.186	0.053
72081	0.064	0.175	0.064
72083	0.112	0.181	0.112
72085	0.12	0.192	0.12
72087	0.101	0.204	0.101
72089	0.115	0.202	0.115
72091	0.056	0.192	0.056
72093	0.07	0.199	0.07
72095	0.121	0.259	0.121
72097	0.075	0.179	0.075
72099	0.126	0.18	0.126
72101	0.079	0.216	0.079
72103	0.062	0.232	0.062
72105	0.11	0.189	0.11
72107	0.063	0.228	0.063
72109	0.058	0.236	0.058
72111	0.097	0.202	0.097
72113	0.058	0.159	0.058
72115	0.089	0.168	0.089
72117	0.026	0.179	0.026
72119	0.095	0.171	0.095
72121	0.079	0.189	0.079
72123	0.113	0.252	0.113
72125	0.114	0.178	0.114
72127	0.035	0.119	0.035
72129	0.057	0.185	0.057
72131	0.051	0.182	0.051
72133	0.12	0.257	0.12
72135	0.05	0.129	0.05
72137	0.176	0.134	0.176
72139	0.125	0.111	0.125
72141	0.133	0.258	0.133
72143	0.034	0.163	0.034
72145	0.061	0.176	0.061
72147	0.069	0.277	0.069
72149	0.032	0.198	0.032
72151	0.074	0.241	0.074
72153	0.127	0.16	0.127